municipio,latitude,longitude
ABADIA DE GOIÁS,-16.7573,-49.4412
ABADIA DOS DOURADOS,-18.4831,-47.3916
ABADIÂNIA,-16.197,-48.7057
ABAETÉ,-19.1551,-45.4444
ABAETETUBA,-1.72183,-48.8788
ABAIARA,-7.34588,-39.0416
ABAÍRA,-13.2488,-41.6619
ABARÉ,-8.72073,-39.1162
ABATIÁ,-23.3049,-50.3133
ABDON BATISTA,-27.6126,-51.0233
ABEL FIGUEIREDO,-4.95333,-48.3933
ABELARDO LUZ,-26.5716,-52.3229
ABRE CAMPO,-20.2996,-42.4743
ABREU E LIMA,-7.90072,-34.8984
ABREULÂNDIA,-9.62101,-49.1518
ACAIACA,-20.359,-43.1439
AÇAILÂNDIA,-4.94714,-47.5004
ACAJUTIBA,-11.6575,-38.0197
ACARÁ,-1.95383,-48.1985
ACARAPE,-4.22083,-38.7055
ACARAÚ,-2.88769,-40.1183
ACARI,-6.4282,-36.6347
ACAUÃ,-8.21954,-41.0831
ACEGUÁ,-31.8665,-54.1615
ACOPIARA,-6.08911,-39.448
ACORIZAL,-15.194,-56.3632
ACRELÂNDIA,-9.82581,-66.8972
ACREÚNA,-17.396,-50.3749
AÇU,-5.58362,-36.914
AÇUCENA,-19.0671,-42.5419
ADAMANTINA,-21.682,-51.0737
ADELÂNDIA,-16.4127,-50.1657
ADOLFO,-21.2325,-49.6451
ADRIANÓPOLIS,-24.6606,-48.9922
ADUSTINA,-10.5437,-38.1113
AFOGADOS DA INGAZEIRA,-7.74312,-37.631
AFONSO BEZERRA,-5.49229,-36.5075
AFONSO CLÁUDIO,-20.0778,-41.1261
AFONSO CUNHA,-4.13631,-43.3275
AFRÂNIO,-8.51136,-41.0095
AFUÁ,-0.154874,-50.3861
AGRESTINA,-8.45966,-35.9447
AGRICOLÂNDIA,-5.79676,-42.6664
AGROLÂNDIA,-27.4087,-49.822
AGRONÔMICA,-27.2662,-49.708
ÁGUA AZUL DO NORTE,-6.79053,-50.4791
ÁGUA BOA,-17.9914,-42.3806
ÁGUA BOA,-14.051,-52.1601
ÁGUA BRANCA,-5.88856,-42.637
ÁGUA BRANCA,-7.51144,-37.6357
ÁGUA BRANCA,-9.262,-37.938
ÁGUA CLARA,-20.4452,-52.879
ÁGUA COMPRIDA,-20.0576,-48.1069
ÁGUA DOCE,-26.9985,-51.5528
ÁGUA DOCE DO MARANHÃO,-2.84048,-42.1189
ÁGUA DOCE DO NORTE,-18.5482,-40.9854
ÁGUA FRIA,-11.8618,-38.7639
ÁGUA FRIA DE GOIÁS,-14.9778,-47.7823
ÁGUA LIMPA,-18.0771,-48.7603
ÁGUA NOVA,-6.20351,-38.2941
ÁGUA PRETA,-8.70609,-35.5263
ÁGUA SANTA,-28.1672,-52.031
AGUAÍ,-22.0572,-46.9735
AGUANIL,-20.9439,-45.3915
ÁGUAS BELAS,-9.11125,-37.1226
ÁGUAS DA PRATA,-21.9319,-46.7176
ÁGUAS DE CHAPECÓ,-27.0754,-52.9808
ÁGUAS DE LINDÓIA,-22.4733,-46.6314
ÁGUAS DE SANTA BÁRBARA,-22.8812,-49.2421
ÁGUAS DE SÃO PEDRO,-22.5977,-47.8734
ÁGUAS FORMOSAS,-17.0802,-40.9384
ÁGUAS FRIAS,-26.8794,-52.8568
ÁGUAS LINDAS DE GOIÁS,-15.7617,-48.2816
ÁGUAS MORNAS,-27.6963,-48.8243
ÁGUAS VERMELHAS,-15.7431,-41.4571
AGUDO,-29.6447,-53.2515
AGUDOS,-22.4694,-48.9863
AGUDOS DO SUL,-25.9899,-49.3343
ÁGUIA BRANCA,-18.9846,-40.7437
AGUIAR,-7.0918,-38.1681
AGUIARNÓPOLIS,-6.55409,-47.4702
AIMORÉS,-19.5007,-41.0746
AIQUARA,-14.1269,-39.8937
AIUABA,-6.57122,-40.1178
AIURUOCA,-21.9736,-44.6042
AJURICABA,-28.2342,-53.7757
ALAGOA,-22.171,-44.6413
ALAGOA GRANDE,-7.03943,-35.6206
ALAGOA NOVA,-7.05377,-35.7591
ALAGOINHA,-6.94657,-35.5332
ALAGOINHA,-8.4665,-36.7788
ALAGOINHA DO PIAUÍ,-7.00039,-40.9282
ALAGOINHAS,-12.1335,-38.4208
ALAMBARI,-23.5503,-47.898
ALBERTINA,-22.2018,-46.6139
ALCÂNTARA,-2.39574,-44.4062
ALCÂNTARAS,-3.58537,-40.5479
ALCANTIL,-7.73668,-36.0511
ALCINÓPOLIS,-18.3255,-53.7042
ALCOBAÇA,-17.5195,-39.2036
ALDEIAS ALTAS,-4.62621,-43.4689
ALECRIM,-27.6579,-54.7649
ALEGRE,-20.758,-41.5382
ALEGRETE,-29.7902,-55.7949
ALEGRETE DO PIAUÍ,-7.24196,-40.8566
ALEGRIA,-27.8345,-54.0557
ALÉM PARAÍBA,-21.8797,-42.7176
ALENQUER,-1.94623,-54.7384
ALEXANDRIA,-6.40533,-38.0142
ALEXÂNIA,-16.0834,-48.5076
ALFENAS,-21.4256,-45.9477
ALFREDO CHAVES,-20.6396,-40.7543
ALFREDO MARCONDES,-21.9527,-51.414
ALFREDO VASCONCELOS,-21.1535,-43.7718
ALFREDO WAGNER,-27.7001,-49.3273
ALGODÃO DE JANDAÍRA,-6.89292,-36.0129
ALHANDRA,-7.42977,-34.9057
ALIANÇA,-7.60398,-35.2227
ALIANÇA DO TOCANTINS,-11.3056,-48.9361
ALMADINA,-14.7089,-39.6415
ALMAS,-11.5706,-47.1792
ALMEIRIM,-1.52904,-52.5788
ALMENARA,-16.1785,-40.6942
ALMINO AFONSO,-6.1475,-37.7636
ALMIRANTE TAMANDARÉ,-25.3188,-49.3037
ALMIRANTE TAMANDARÉ DO SUL,-28.1149,-52.9142
ALOÂNDIA,-17.7292,-49.4769
ALPERCATA,-18.974,-41.97
ALPESTRE,-27.2502,-53.0341
ALPINÓPOLIS,-20.8631,-46.3878
ALTA FLORESTA,-9.86674,-56.0867
ALTA FLORESTA D'OESTE,-11.9283,-61.9953
ALTAIR,-20.5242,-49.0571
ALTAMIRA,-3.20407,-52.21
ALTAMIRA DO MARANHÃO,-4.16598,-45.4706
ALTAMIRA DO PARANÁ,-24.7983,-52.7128
ALTANEIRA,-6.99837,-39.7356
ALTEROSA,-21.2488,-46.1387
ALTINHO,-8.48482,-36.0644
ALTINÓPOLIS,-21.0214,-47.3712
ALTO ALEGRE,-21.5811,-50.168
ALTO ALEGRE,2.98858,-61.3072
ALTO ALEGRE,-28.7769,-52.9893
ALTO ALEGRE DO MARANHÃO,-4.213,-44.446
ALTO ALEGRE DO PINDARÉ,-3.66689,-45.8421
ALTO ALEGRE DOS PARECIS,-12.132,-61.835
ALTO ARAGUAIA,-17.3153,-53.2181
ALTO BELA VISTA,-27.4333,-51.9044
ALTO BOA VISTA,-11.6732,-51.3883
ALTO CAPARAÓ,-20.431,-41.8738
ALTO DO RODRIGUES,-5.28186,-36.75
ALTO FELIZ,-29.3919,-51.3123
ALTO GARÇAS,-16.9462,-53.5272
ALTO HORIZONTE,-14.1978,-49.3378
ALTO JEQUITIBÁ,-20.4208,-41.967
ALTO LONGÁ,-5.25634,-42.2096
ALTO PARAGUAI,-14.5137,-56.4776
ALTO PARAÍSO,-26.1146,-52.7469
ALTO PARAÍSO,-9.71429,-63.3188
ALTO PARAÍSO DE GOIÁS,-14.1305,-47.51
ALTO PARANÁ,-23.1312,-52.3189
ALTO PARNAÍBA,-9.10273,-45.9303
ALTO PIQUIRI,-24.0224,-53.44
ALTO RIO DOCE,-21.0281,-43.4067
ALTO RIO NOVO,-19.0618,-41.0209
ALTO SANTO,-5.50894,-38.2743
ALTO TAQUARI,-17.8241,-53.2792
ALTÔNIA,-23.8759,-53.8958
ALTOS,-5.03888,-42.4612
ALUMÍNIO,-23.5306,-47.2546
ALVARÃES,-3.22727,-64.8007
ALVARENGA,-19.4174,-41.7317
ÁLVARES FLORENCE,-20.3203,-49.9141
ÁLVARES MACHADO,-22.0764,-51.4722
ÁLVARO DE CARVALHO,-22.0841,-49.719
ALVINLÂNDIA,-22.4435,-49.7623
ALVINÓPOLIS,-20.1098,-43.0535
ALVORADA,-12.4785,-49.1249
ALVORADA,-29.9914,-51.0809
ALVORADA D'OESTE,-11.3463,-62.2847
ALVORADA DE MINAS,-18.7334,-43.3638
ALVORADA DO GURGUÉIA,-8.42418,-43.777
ALVORADA DO NORTE,-14.4797,-46.491
ALVORADA DO SUL,-22.7813,-51.2297
AMAJARI,3.64571,-61.3692
AMAMBAI,-23.1058,-55.2253
AMAPÁ,2.05267,-50.7957
AMAPÁ DO MARANHÃO,-1.67524,-46.0024
AMAPORÃ,-23.0943,-52.7866
AMARAJI,-8.37691,-35.4501
AMARAL FERRADOR,-30.8756,-52.2509
AMARALINA,-13.9236,-49.2962
AMARANTE,-6.24304,-42.8433
AMARANTE DO MARANHÃO,-5.56913,-46.7473
AMARGOSA,-13.0215,-39.602
AMATURÁ,-3.37455,-68.2005
AMÉLIA RODRIGUES,-12.3914,-38.7563
AMÉRICA DOURADA,-11.4429,-41.439
AMERICANA,-22.7374,-47.3331
AMERICANO DO BRASIL,-16.2514,-49.9831
AMÉRICO BRASILIENSE,-21.7288,-48.1147
AMÉRICO DE CAMPOS,-20.2985,-49.7359
AMETISTA DO SUL,-27.3607,-53.183
AMONTADA,-3.36017,-39.8288
AMORINÓPOLIS,-16.6151,-51.0919
AMPARO,-7.55502,-37.0628
AMPARO,-22.7088,-46.772
AMPARO DE SÃO FRANCISCO,-10.1348,-36.935
AMPARO DO SERRA,-20.5051,-42.8009
AMPÉRE,-25.9168,-53.4686
ANADIA,-9.68489,-36.3078
ANAGÉ,-14.6151,-41.1356
ANAHY,-24.6449,-53.1332
ANAJÁS,-0.996811,-49.9354
ANAJATUBA,-3.26269,-44.6126
ANALÂNDIA,-22.1289,-47.6619
ANAMÃ,-3.56697,-61.3963
ANANÁS,-6.36437,-48.0735
ANANINDEUA,-1.36391,-48.3743
ANÁPOLIS,-16.3281,-48.953
ANAPU,-3.46985,-51.2003
ANAPURUS,-3.67577,-43.1014
ANASTÁCIO,-20.4823,-55.8104
ANAURILÂNDIA,-22.1852,-52.7191
ANCHIETA,-26.5382,-53.3319
ANCHIETA,-20.7955,-40.6425
ANDARAÍ,-12.8049,-41.3297
ANDIRÁ,-23.0533,-50.2304
ANDORINHA,-10.3482,-39.8391
ANDRADAS,-22.0695,-46.5724
ANDRADINA,-20.8948,-51.3786
ANDRÉ DA ROCHA,-28.6283,-51.5797
ANDRELÂNDIA,-21.7411,-44.3117
ANGATUBA,-23.4917,-48.4139
ANGELÂNDIA,-17.7279,-42.2641
ANGÉLICA,-22.1527,-53.7708
ANGELIM,-8.88429,-36.2902
ANGELINA,-27.5704,-48.9879
ANGICAL,-12.0063,-44.7003
ANGICAL DO PIAUÍ,-6.08786,-42.74
ANGICO,-6.39179,-47.8611
ANGICOS,-5.65792,-36.6094
ANGRA DOS REIS,-23.0011,-44.3196
ANGUERA,-12.1462,-39.2462
ÂNGULO,-23.1946,-51.9154
ANHANGUERA,-18.3339,-48.2204
ANHEMBI,-22.793,-48.1336
ANHUMAS,-22.2934,-51.3895
ANICUNS,-16.4642,-49.9617
ANÍSIO DE ABREU,-9.18564,-43.0494
ANITA GARIBALDI,-27.6897,-51.1271
ANITÁPOLIS,-27.9012,-49.1316
ANORI,-3.74603,-61.6575
ANTA GORDA,-28.9698,-52.0102
ANTAS,-10.3856,-38.3401
ANTONINA,-25.4386,-48.7191
ANTONINA DO NORTE,-6.76919,-39.987
ANTÔNIO ALMEIDA,-7.21276,-44.1889
ANTÔNIO CARDOSO,-12.4335,-39.1176
ANTÔNIO CARLOS,-27.5191,-48.766
ANTÔNIO CARLOS,-21.321,-43.7451
ANTÔNIO DIAS,-19.6491,-42.8732
ANTÔNIO GONÇALVES,-10.5767,-40.2785
ANTÔNIO JOÃO,-22.1927,-55.9517
ANTÔNIO MARTINS,-6.21367,-37.8834
ANTÔNIO OLINTO,-25.9804,-50.1972
ANTÔNIO PRADO,-28.8565,-51.2883
ANTÔNIO PRADO DE MINAS,-21.0192,-42.1109
APARECIDA,-6.78466,-38.0803
APARECIDA,-22.8495,-45.2325
APARECIDA D'OESTE,-20.4487,-50.8835
APARECIDA DE GOIÂNIA,-16.8198,-49.2469
APARECIDA DO RIO DOCE,-18.2941,-51.1516
APARECIDA DO RIO NEGRO,-9.94139,-47.9638
APARECIDA DO TABOADO,-20.0873,-51.0961
APERIBÉ,-21.6252,-42.1017
APIACÁ,-21.1523,-41.5693
APIACÁS,-9.53981,-57.4587
APIAÍ,-24.5108,-48.8443
APICUM-AÇU,-1.45862,-45.0864
APIÚNA,-27.0375,-49.3885
APODI,-5.65349,-37.7946
APORÁ,-11.6577,-38.0814
APORÉ,-18.9607,-51.9232
APUAREMA,-13.8542,-39.7501
APUCARANA,-23.55,-51.4635
APUÍ,-7.19409,-59.896
APUIARÉS,-3.94506,-39.4359
AQUIDABÃ,-10.278,-37.0148
AQUIDAUANA,-20.4666,-55.7868
AQUIRAZ,-3.89929,-38.3896
ARABUTÃ,-27.1587,-52.1423
ARAÇAGI,-6.84374,-35.3737
ARAÇAÍ,-19.1955,-44.2493
ARACAJU,-10.9091,-37.0677
ARAÇARIGUAMA,-23.4366,-47.0608
ARAÇAS,-12.22,-38.2027
ARACATI,-4.55826,-37.7679
ARACATU,-14.428,-41.4648
ARAÇATUBA,-21.2076,-50.4401
ARACI,-11.3253,-38.9584
ARACITABA,-21.3446,-43.3736
ARAÇOIABA,-7.78391,-35.0809
ARACOIABA,-4.36872,-38.8125
ARAÇOIABA DA SERRA,-23.5029,-47.6166
ARACRUZ,-19.82,-40.2764
ARAÇU,-16.3563,-49.6804
ARAÇUAÍ,-16.8523,-42.0637
ARAGARÇAS,-15.8955,-52.2372
ARAGOIÂNIA,-16.9087,-49.4476
ARAGOMINAS,-7.16005,-48.5291
ARAGUACEMA,-8.80755,-49.5569
ARAGUAÇU,-12.9289,-49.8231
ARAGUAIANA,-15.7291,-51.8341
ARAGUAÍNA,-7.19238,-48.2044
ARAGUAINHA,-16.857,-53.0318
ARAGUANÃ,-6.58225,-48.6395
ARAGUANÃ,-2.94644,-45.6589
ARAGUAPAZ,-15.0909,-50.6315
ARAGUARI,-18.6456,-48.1934
ARAGUATINS,-5.64659,-48.1232
ARAIOSES,-2.89091,-41.905
ARAL MOREIRA,-22.9385,-55.6334
ARAMARI,-12.0884,-38.4969
ARAMBARÉ,-30.9092,-51.5046
ARAME,-4.88347,-46.0032
ARAMINA,-20.0882,-47.7873
ARANDU,-23.1386,-49.0487
ARANTINA,-21.9102,-44.2555
ARAPEÍ,-22.6717,-44.4441
ARAPIRACA,-9.75487,-36.6615
ARAPOEMA,-7.65463,-49.0637
ARAPONGA,-20.6686,-42.5178
ARAPONGAS,-23.4153,-51.4259
ARAPORÃ,-18.4357,-49.1847
ARAPOTI,-24.1548,-49.8285
ARAPUÃ,-24.3132,-51.7856
ARAPUÁ,-19.0268,-46.1484
ARAPUTANGA,-15.4641,-58.3425
ARAQUARI,-26.3754,-48.7188
ARARA,-6.82813,-35.7552
ARARANGUÁ,-28.9356,-49.4918
ARARAQUARA,-21.7845,-48.178
ARARAS,-22.3572,-47.3842
ARARENDÁ,-4.74567,-40.831
ARARI,-3.45214,-44.7665
ARARICÁ,-29.6168,-50.9291
ARARIPE,-7.21319,-40.1359
ARARIPINA,-7.57073,-40.494
ARARUAMA,-22.8697,-42.3326
ARARUNA,-23.9315,-52.5021
ARARUNA,-6.54848,-35.7498
ARATACA,-15.2651,-39.419
ARATIBA,-27.3978,-52.2975
ARATUBA,-4.41229,-39.0471
ARATUÍPE,-13.0716,-39.0038
ARAUÁ,-11.2614,-37.6201
ARAUCÁRIA,-25.5859,-49.4047
ARAÚJOS,-19.9405,-45.1671
ARAXÁ,-19.5902,-46.9438
ARCEBURGO,-21.359,-46.9401
ARCO-ÍRIS,-21.7728,-50.466
ARCOS,-20.2863,-45.5373
ARCOVERDE,-8.41519,-37.0577
AREADO,-21.3572,-46.1421
AREAL,-22.2283,-43.1118
AREALVA,-22.031,-48.9135
AREIA,-6.96396,-35.6977
AREIA BRANCA,-4.95254,-37.1252
AREIA BRANCA,-10.758,-37.3251
AREIA DE BARAÚNAS,-7.11702,-36.9404
AREIAL,-7.04789,-35.9313
AREIAS,-22.5786,-44.6992
AREIÓPOLIS,-22.6672,-48.6681
ARENÁPOLIS,-14.4472,-56.8437
ARENÓPOLIS,-16.3837,-51.5563
ARÊS,-6.18831,-35.1608
ARGIRITA,-21.6083,-42.8292
ARICANDUVA,-17.8666,-42.5533
ARINOS,-15.9187,-46.1043
ARIPUANÃ,-10.1723,-59.4568
ARIQUEMES,-9.90571,-63.0325
ARIRANHA,-21.1872,-48.7904
ARIRANHA DO IVAÍ,-24.3857,-51.5839
ARMAÇÃO DOS BÚZIOS,-22.7528,-41.8846
ARMAZÉM,-28.2448,-49.0215
ARNEIROZ,-6.3165,-40.1653
AROAZES,-6.11022,-41.7822
AROEIRAS,-7.54473,-35.7066
AROEIRAS DO ITAIM,-7.24502,-41.5325
ARRAIAL,-6.65075,-42.5418
ARRAIAL DO CABO,-22.9774,-42.0267
ARRAIAS,-12.9287,-46.9359
ARROIO DO MEIO,-29.4014,-51.9557
ARROIO DO PADRE,-31.4389,-52.4246
ARROIO DO SAL,-29.5439,-49.8895
ARROIO DO TIGRE,-29.3348,-53.0966
ARROIO DOS RATOS,-30.0875,-51.7275
ARROIO GRANDE,-32.2327,-53.0862
ARROIO TRINTA,-26.9257,-51.3407
ARTUR NOGUEIRA,-22.5727,-47.1727
ARUANÃ,-14.9166,-51.075
ARUJÁ,-23.3965,-46.32
ARVOREDO,-27.0748,-52.4543
ARVOREZINHA,-28.8737,-52.1781
ASCURRA,-26.9548,-49.3783
ASPÁSIA,-20.16,-50.728
ASSAÍ,-23.3697,-50.8459
ASSARÉ,-6.8669,-39.8689
ASSIS,-22.66,-50.4183
ASSIS BRASIL,-10.9298,-69.5738
ASSIS CHATEAUBRIAND,-24.4168,-53.5213
ASSUNÇÃO,-7.07231,-36.725
ASSUNÇÃO DO PIAUÍ,-5.865,-41.0389
ASTOLFO DUTRA,-21.3184,-42.8572
ASTORGA,-23.2318,-51.6668
ATALAIA,-23.1517,-52.0551
ATALAIA,-9.5119,-36.0086
ATALAIA DO NORTE,-4.37055,-70.1967
ATALANTA,-27.4219,-49.7789
ATALÉIA,-18.0438,-41.1149
ATIBAIA,-23.1171,-46.5563
ATILIO VIVACQUA,-20.913,-41.1986
AUGUSTINÓPOLIS,-5.46863,-47.8863
AUGUSTO CORRÊA,-1.05109,-46.6147
AUGUSTO DE LIMA,-18.0997,-44.2655
AUGUSTO PESTANA,-28.5172,-53.9883
AUGUSTO SEVERO (CAMPO GRANDE),-5.86206,-37.3135
ÁUREA,-27.6936,-52.0505
AURELINO LEAL,-14.321,-39.329
AURIFLAMA,-20.6836,-50.5572
AURILÂNDIA,-16.6773,-50.4641
AURORA,-6.93349,-38.9742
AURORA,-27.3098,-49.6295
AURORA DO PARÁ,-2.14898,-47.5677
AURORA DO TOCANTINS,-12.7105,-46.4076
AUTAZES,-3.58574,-59.1256
AVAÍ,-22.1514,-49.3356
AVANHANDAVA,-21.4584,-49.9509
AVARÉ,-23.1067,-48.9251
AVEIRO,-3.60841,-55.3199
AVELINO LOPES,-10.1345,-43.9563
AVELINÓPOLIS,-16.4672,-49.7579
AXIXÁ,-2.83939,-44.062
AXIXÁ DO TOCANTINS,-5.61275,-47.7701
BABAÇULÂNDIA,-7.20923,-47.7613
BACABAL,-4.22447,-44.7832
BACABEIRA,-2.96452,-44.3164
BACURI,-1.6965,-45.1328
BACURITUBA,-2.71,-44.7329
BADY BASSITT,-20.9197,-49.4385
BAEPENDI,-21.957,-44.8874
BAGÉ,-31.3297,-54.0999
BAGRE,-1.90057,-50.1987
BAÍA DA TRAIÇÃO,-6.69209,-34.9381
BAÍA FORMOSA,-6.37161,-35.0033
BAIANÓPOLIS,-12.3016,-44.5388
BAIÃO,-2.79021,-49.6694
BAIXA GRANDE,-11.9519,-40.169
BAIXA GRANDE DO RIBEIRO,-7.84903,-45.219
BAIXIO,-6.71945,-38.7134
BAIXO GUANDU,-19.5213,-41.0109
BALBINOS,-21.8963,-49.3619
BALDIM,-19.2832,-43.9613
BALIZA,-16.1966,-52.5393
BALNEÁRIO ARROIO DO SILVA,-28.9806,-49.4237
BALNEÁRIO BARRA DO SUL,-26.4597,-48.6123
BALNEÁRIO CAMBORIÚ,-26.9926,-48.6352
BALNEÁRIO GAIVOTA,-29.1527,-49.5841
BALNEÁRIO PIÇARRAS,-26.7639,-48.6717
BALNEÁRIO PINHAL,-30.2419,-50.2337
BALNEÁRIO RINCÃO,-28.8314,-49.2352
BALSA NOVA,-25.5804,-49.6291
BÁLSAMO,-20.7348,-49.5865
BALSAS,-7.53214,-46.0372
BAMBUÍ,-20.0166,-45.9754
BANABUIÚ,-5.30454,-38.9132
BANANAL,-22.6819,-44.3281
BANANEIRAS,-6.74775,-35.6246
BANDEIRA,-15.8783,-40.5622
BANDEIRA DO SUL,-21.7308,-46.3833
BANDEIRANTE,-26.7705,-53.6413
BANDEIRANTES,-19.9275,-54.3585
BANDEIRANTES,-23.1078,-50.3704
BANDEIRANTES DO TOCANTINS,-7.75612,-48.5836
BANNACH,-7.34779,-50.3959
BANZAÊ,-10.5788,-38.6212
BARÃO,-29.3725,-51.4949
BARÃO DE ANTONINA,-23.6284,-49.5634
BARÃO DE COCAIS,-19.9389,-43.4755
BARÃO DE COTEGIPE,-27.6208,-52.3798
BARÃO DE GRAJAÚ,-6.74463,-43.0261
BARÃO DE MELGAÇO,-16.2067,-55.9623
BARÃO DE MONTE ALTO,-21.2444,-42.2372
BARÃO DO TRIUNFO,-30.3891,-51.7384
BARAÚNA,-5.06977,-37.6129
BARAÚNA,-6.63484,-36.2601
BARBACENA,-21.2214,-43.7703
BARBALHA,-7.2982,-39.3021
BARBOSA,-21.2657,-49.9518
BARBOSA FERRAZ,-24.0334,-52.004
BARCARENA,-1.51187,-48.6195
BARCELONA,-5.94284,-35.9247
BARCELOS,-0.983373,-62.9311
BARIRI,-22.073,-48.7438
BARRA,-11.0859,-43.1459
BARRA BONITA,-26.654,-53.44
BARRA BONITA,-22.4909,-48.5583
BARRA D'ALCÂNTARA,-6.51645,-42.1146
BARRA DA ESTIVA,-13.6237,-41.3347
BARRA DE GUABIRABA,-8.42075,-35.6585
BARRA DE SANTA ROSA,-6.71816,-36.0671
BARRA DE SANTANA,-7.51809,-35.9913
BARRA DE SANTO ANTÔNIO,-9.4023,-35.5101
BARRA DE SÃO FRANCISCO,-18.7548,-40.8965
BARRA DE SÃO MIGUEL,-7.74603,-36.3209
BARRA DE SÃO MIGUEL,-9.83842,-35.9057
BARRA DO BUGRES,-15.0702,-57.1878
BARRA DO CHAPÉU,-24.4722,-49.0238
BARRA DO CHOÇA,-14.8654,-40.5791
BARRA DO CORDA,-5.49682,-45.2485
BARRA DO GARÇAS,-15.8804,-52.264
BARRA DO GUARITA,-27.1927,-53.7109
BARRA DO JACARÉ,-23.116,-50.1842
BARRA DO MENDES,-11.81,-42.059
BARRA DO OURO,-7.69593,-47.6776
BARRA DO PIRAÍ,-22.4715,-43.8269
BARRA DO QUARAÍ,-30.2029,-57.5497
BARRA DO RIBEIRO,-30.2939,-51.3014
BARRA DO RIO AZUL,-27.4069,-52.4084
BARRA DO ROCHA,-14.2,-39.5991
BARRA DO TURVO,-24.759,-48.5013
BARRA DOS COQUEIROS,-10.8996,-37.0323
BARRA FUNDA,-27.9205,-53.0391
BARRA LONGA,-20.2869,-43.0402
BARRA MANSA,-22.5481,-44.1752
BARRA VELHA,-26.637,-48.6933
BARRACÃO,-27.6739,-51.4585
BARRACÃO,-26.2502,-53.6324
BARRAS,-4.24468,-42.2922
BARREIRA,-4.28921,-38.6429
BARREIRAS,-12.1439,-44.9968
BARREIRAS DO PIAUÍ,-9.9296,-45.4702
BARREIRINHA,-2.79886,-57.0679
BARREIRINHAS,-2.75863,-42.8232
BARREIROS,-8.81605,-35.1832
BARRETOS,-20.5531,-48.5698
BARRINHA,-21.1864,-48.1636
BARRO,-7.17188,-38.7741
BARRO ALTO,-11.7605,-41.9054
BARRO ALTO,-14.9658,-48.9086
BARRO DURO,-5.81673,-42.5147
BARRO PRETO,-14.7948,-39.476
BARROCAS,-11.5272,-39.0776
BARROLÂNDIA,-9.83404,-48.7252
BARROQUINHA,-3.02051,-41.1358
BARROS CASSAL,-29.0947,-52.5836
BARROSO,-21.1907,-43.972
BARUERI,-23.5057,-46.879
BASTOS,-21.921,-50.7357
BATAGUASSU,-21.7159,-52.4221
BATALHA,-4.0223,-42.0787
BATALHA,-9.6742,-37.133
BATATAIS,-20.8929,-47.5921
BATAYPORÃ,-22.2944,-53.2705
BATURITÉ,-4.32598,-38.8812
BAURU,-22.3246,-49.0871
BAYEUX,-7.1238,-34.9293
BEBEDOURO,-20.9491,-48.4791
BEBERIBE,-4.17741,-38.1271
BELA CRUZ,-3.04996,-40.1671
BELA VISTA,-22.1073,-56.5263
BELA VISTA DA CAROBA,-25.8842,-53.6725
BELA VISTA DE GOIÁS,-16.9693,-48.9513
BELA VISTA DE MINAS,-19.8302,-43.0922
BELA VISTA DO MARANHÃO,-3.72618,-45.3075
BELA VISTA DO PARAÍSO,-22.9937,-51.1927
BELA VISTA DO PIAUÍ,-7.98809,-41.8675
BELA VISTA DO TOLDO,-26.2746,-50.4664
BELÁGUA,-3.15485,-43.5122
BELÉM,-1.4554,-48.4898
BELÉM,-6.74261,-35.5166
BELÉM,-9.57047,-36.4904
BELÉM DE MARIA,-8.62504,-35.8335
BELÉM DO BREJO DO CRUZ,-6.18515,-37.5348
BELÉM DO PIAUÍ,-7.36652,-40.9688
BELÉM DO SÃO FRANCISCO,-8.75046,-38.9623
BELFORD ROXO,-22.764,-43.3992
BELMIRO BRAGA,-21.944,-43.4084
BELMONTE,-26.843,-53.5758
BELMONTE,-15.8608,-38.8758
BELO CAMPO,-15.0334,-41.2652
BELO HORIZONTE,-19.9102,-43.9266
BELO JARDIM,-8.3313,-36.4258
BELO MONTE,-9.82272,-37.277
BELO ORIENTE,-19.2199,-42.4828
BELO VALE,-20.4077,-44.0275
BELTERRA,-2.63609,-54.9374
BENEDITINOS,-5.45676,-42.3638
BENEDITO LEITE,-7.21037,-44.5577
BENEDITO NOVO,-26.781,-49.3593
BENEVIDES,-1.36183,-48.2434
BENJAMIN CONSTANT,-4.37768,-70.0342
BENJAMIN CONSTANT DO SUL,-27.5086,-52.5995
BENTO DE ABREU,-21.2686,-50.814
BENTO FERNANDES,-5.69906,-35.813
BENTO GONÇALVES,-29.1662,-51.5165
BEQUIMÃO,-2.44162,-44.7842
BERILO,-16.9567,-42.4606
BERIZAL,-15.61,-41.7432
BERNARDINO BATISTA,-6.44572,-38.5521
BERNARDINO DE CAMPOS,-23.0164,-49.4679
BERNARDO DO MEARIM,-4.62666,-44.7608
BERNARDO SAYÃO,-7.87481,-48.8893
BERTIOGA,-23.8486,-46.1396
BERTOLÍNIA,-7.63338,-43.9498
BERTÓPOLIS,-17.059,-40.58
BERURI,-3.89874,-61.3616
BETÂNIA,-8.26787,-38.0345
BETÂNIA DO PIAUÍ,-8.14376,-40.7989
BETIM,-19.9668,-44.2008
BEZERROS,-8.2328,-35.796
BIAS FORTES,-21.602,-43.7574
BICAS,-21.7232,-43.056
BIGUAÇU,-27.496,-48.6598
BILAC,-21.404,-50.4746
BIQUINHAS,-18.7754,-45.4974
BIRIGUI,-21.291,-50.3432
BIRITIBA-MIRIM,-23.5698,-46.0407
BIRITINGA,-11.6072,-38.8051
BITURUNA,-26.1607,-51.5518
BLUMENAU,-26.9155,-49.0709
BOA ESPERANÇA,-24.2467,-52.7876
BOA ESPERANÇA,-21.0927,-45.5612
BOA ESPERANÇA,-18.5395,-40.3025
BOA ESPERANÇA DO IGUAÇU,-25.6324,-53.2108
BOA ESPERANÇA DO SUL,-21.9918,-48.3906
BOA HORA,-4.41404,-42.1357
BOA NOVA,-14.3598,-40.2064
BOA VENTURA,-7.40982,-38.2113
BOA VENTURA DE SÃO ROQUE,-24.8688,-51.6276
BOA VIAGEM,-5.11258,-39.7337
BOA VISTA,2.82384,-60.6753
BOA VISTA,-7.26365,-36.2357
BOA VISTA DA APARECIDA,-25.4308,-53.4117
BOA VISTA DAS MISSÕES,-27.6671,-53.3102
BOA VISTA DO BURICÁ,-27.6693,-54.1082
BOA VISTA DO CADEADO,-28.5791,-53.8108
BOA VISTA DO GURUPI,-1.77614,-46.3002
BOA VISTA DO INCRA,-28.8185,-53.391
BOA VISTA DO RAMOS,-2.97409,-57.5873
BOA VISTA DO SUL,-29.3544,-51.6687
BOA VISTA DO TUPIM,-12.6498,-40.6064
BOCA DA MATA,-9.64308,-36.2125
BOCA DO ACRE,-8.74232,-67.3919
BOCAINA,-6.94124,-41.3168
BOCAINA,-22.1365,-48.523
BOCAINA DE MINAS,-22.1697,-44.3972
BOCAINA DO SUL,-27.7455,-49.9423
BOCAIÚVA,-17.1135,-43.8104
BOCAIÚVA DO SUL,-25.2066,-49.1141
BODÓ,-5.98027,-36.4167
BODOCÓ,-7.77759,-39.9338
BODOQUENA,-20.537,-56.7127
BOFETE,-23.1055,-48.2582
BOITUVA,-23.2855,-47.6786
BOM CONSELHO,-9.16919,-36.6857
BOM DESPACHO,-19.7386,-45.2622
BOM JARDIM,-22.1545,-42.4251
BOM JARDIM,-7.79695,-35.5784
BOM JARDIM,-3.54129,-45.606
BOM JARDIM DA SERRA,-28.3377,-49.6373
BOM JARDIM DE GOIÁS,-16.2063,-52.1728
BOM JARDIM DE MINAS,-21.9479,-44.1885
BOM JESUS,-26.7326,-52.3919
BOM JESUS,-28.6697,-50.4295
BOM JESUS,-9.07124,-44.359
BOM JESUS,-5.98648,-35.5792
BOM JESUS,-6.81601,-38.6453
BOM JESUS DA LAPA,-13.2506,-43.4108
BOM JESUS DA PENHA,-21.0148,-46.5174
BOM JESUS DA SERRA,-14.3663,-40.5126
BOM JESUS DAS SELVAS,-4.47638,-46.8641
BOM JESUS DE GOIÁS,-18.2173,-49.74
BOM JESUS DO AMPARO,-19.7054,-43.4782
BOM JESUS DO ARAGUAIA,-12.1706,-51.5032
BOM JESUS DO GALHO,-19.836,-42.3165
BOM JESUS DO ITABAPOANA,-21.1449,-41.6822
BOM JESUS DO NORTE,-21.1173,-41.6731
BOM JESUS DO OESTE,-26.6927,-53.0967
BOM JESUS DO SUL,-26.1958,-53.5955
BOM JESUS DO TOCANTINS,-5.0424,-48.6047
BOM JESUS DO TOCANTINS,-8.96306,-48.165
BOM JESUS DOS PERDÕES,-23.1356,-46.4675
BOM LUGAR,-4.37311,-45.0326
BOM PRINCÍPIO,-29.4856,-51.3548
BOM PRINCÍPIO DO PIAUÍ,-3.19631,-41.6403
BOM PROGRESSO,-27.5399,-53.8716
BOM REPOUSO,-22.4675,-46.144
BOM RETIRO,-27.799,-49.487
BOM RETIRO DO SUL,-29.6071,-51.9456
BOM SUCESSO,-21.0329,-44.7537
BOM SUCESSO,-23.7063,-51.7671
BOM SUCESSO,-6.44176,-37.9234
BOM SUCESSO DE ITARARÉ,-24.3155,-49.1451
BOM SUCESSO DO SUL,-26.0731,-52.8353
BOMBINHAS,-27.1382,-48.5146
BONFIM,3.36161,-59.8333
BONFIM,-20.3302,-44.2366
BONFIM DO PIAUÍ,-9.1605,-42.8865
BONFINÓPOLIS,-16.6173,-48.9616
BONFINÓPOLIS DE MINAS,-16.568,-45.9839
BONINAL,-12.7069,-41.8286
BONITO,-8.47163,-35.7292
BONITO,-11.9668,-41.2647
BONITO,-1.36745,-47.3066
BONITO,-21.1261,-56.4836
BONITO DE MINAS,-15.3231,-44.7543
BONITO DE SANTA FÉ,-7.31341,-38.5133
BONÓPOLIS,-13.6329,-49.8106
BOQUEIRÃO,-7.487,-36.1309
BOQUEIRÃO DO LEÃO,-29.3046,-52.4284
BOQUEIRÃO DO PIAUÍ,-4.48181,-42.1212
BOQUIM,-11.1397,-37.6195
BOQUIRA,-12.8205,-42.7324
BORÁ,-22.2696,-50.5409
BORACÉIA,-22.1926,-48.7808
BORBA,-4.39154,-59.5874
BORBOREMA,-6.80199,-35.6187
BORBOREMA,-21.6214,-49.0741
BORDA DA MATA,-22.2707,-46.1653
BOREBI,-22.5728,-48.9707
BORRAZÓPOLIS,-23.9366,-51.5875
BOSSOROCA,-28.7291,-54.9035
BOTELHOS,-21.6412,-46.391
BOTUCATU,-22.8837,-48.4437
BOTUMIRIM,-16.8657,-43.0086
BOTUPORÃ,-13.3772,-42.5163
BOTUVERÁ,-27.2007,-49.0689
BOZANO,-28.3659,-53.772
BRAÇO DO NORTE,-28.2681,-49.1701
BRAÇO DO TROMBUDO,-27.3586,-49.8821
BRAGA,-27.6173,-53.7405
BRAGANÇA,-1.06126,-46.7826
BRAGANÇA PAULISTA,-22.9527,-46.5419
BRAGANEY,-24.8173,-53.1218
BRANQUINHA,-9.23342,-36.0162
BRÁS PIRES,-20.8419,-43.2406
BRASIL NOVO,-3.29792,-52.534
BRASILÂNDIA,-21.2544,-52.0365
BRASILÂNDIA DE MINAS,-16.9999,-46.0081
BRASILÂNDIA DO SUL,-24.1978,-53.5275
BRASILÂNDIA DO TOCANTINS,-8.38918,-48.4822
BRASILÉIA,-10.995,-68.7497
BRASILEIRA,-4.1337,-41.7859
BRASÍLIA,-15.7795,-47.9297
BRASÍLIA DE MINAS,-16.2104,-44.4299
BRASNORTE,-12.1474,-57.9833
BRAÚNA,-21.499,-50.3175
BRAÚNAS,-19.0562,-42.7099
BRAZABRANTES,-16.4281,-49.3863
BRAZÓPOLIS,-22.4743,-45.6166
BREJÃO,-9.02915,-36.566
BREJETUBA,-20.1395,-41.2954
BREJINHO,-6.18566,-35.3591
BREJINHO,-7.34694,-37.2865
BREJINHO DE NAZARÉ,-11.0058,-48.5683
BREJO,-3.67796,-42.7527
BREJO ALEGRE,-21.1651,-50.1861
BREJO DA MADRE DE DEUS,-8.14933,-36.3741
BREJO DE AREIA,-4.334,-45.581
BREJO DO CRUZ,-6.34185,-37.4943
BREJO DO PIAUÍ,-8.20314,-42.8229
BREJO DOS SANTOS,-6.37065,-37.8253
BREJO GRANDE,-10.4297,-36.4611
BREJO GRANDE DO ARAGUAIA,-5.69822,-48.4103
BREJO SANTO,-7.48469,-38.9799
BREJÕES,-13.1039,-39.7988
BREJOLÂNDIA,-12.4815,-43.9679
BREU BRANCO,-3.77191,-49.5735
BREVES,-1.68036,-50.4791
BRITÂNIA,-15.2428,-51.1602
BROCHIER,-29.5501,-51.5945
BRODOWSKI,-20.9845,-47.6572
BROTAS,-22.2795,-48.1251
BROTAS DE MACAÚBAS,-11.9915,-42.6326
BRUMADINHO,-20.151,-44.2007
BRUMADO,-14.2021,-41.6696
BRUNÓPOLIS,-27.3058,-50.8684
BRUSQUE,-27.0977,-48.9107
BUENO BRANDÃO,-22.4383,-46.3491
BUENÓPOLIS,-17.8744,-44.1775
BUENOS AIRES,-7.72449,-35.3182
BUERAREMA,-14.9595,-39.3028
BUGRE,-19.4231,-42.2552
BUÍQUE,-8.61954,-37.1606
BUJARI,-9.81528,-67.955
BUJARU,-1.51762,-48.0381
BURI,-23.7977,-48.5958
BURITAMA,-21.0661,-50.1475
BURITI,-3.94169,-42.9179
BURITI ALEGRE,-18.1378,-49.0404
BURITI BRAVO,-5.83239,-43.8353
BURITI DE GOIÁS,-16.1792,-50.4302
BURITI DO TOCANTINS,-5.31448,-48.2271
BURITI DOS LOPES,-3.18259,-41.8695
BURITI DOS MONTES,-5.30584,-41.0933
BURITICUPU,-4.32375,-46.4409
BURITINÓPOLIS,-14.4772,-46.4076
BURITIRAMA,-10.7171,-43.6302
BURITIRANA,-5.59823,-47.0131
BURITIS,-10.1943,-63.8324
BURITIS,-15.6218,-46.4221
BURITIZAL,-20.1911,-47.7096
BURITIZEIRO,-17.3656,-44.9606
BUTIÁ,-30.1179,-51.9601
CAAPIRANGA,-3.31537,-61.2206
CAAPORÃ,-7.51351,-34.9055
CAARAPÓ,-22.6368,-54.8209
CAATIBA,-14.9699,-40.4092
CABACEIRAS,-7.48899,-36.287
CABACEIRAS DO PARAGUAÇU,-12.5317,-39.1902
CABECEIRA GRANDE,-16.0335,-47.0862
CABECEIRAS,-15.7995,-46.9265
CABECEIRAS DO PIAUÍ,-4.4773,-42.3069
CABEDELO,-6.98731,-34.8284
CABIXI,-13.4945,-60.552
CABO DE SANTO AGOSTINHO,-8.28218,-35.0253
CABO FRIO,-22.8894,-42.0286
CABO VERDE,-21.4699,-46.3919
CABRÁLIA PAULISTA,-22.4576,-49.3393
CABREÚVA,-23.3053,-47.1362
CABROBÓ,-8.50548,-39.3094
CAÇADOR,-26.7757,-51.012
CAÇAPAVA,-23.0992,-45.7076
CAÇAPAVA DO SUL,-30.5144,-53.4827
CACAULÂNDIA,-10.349,-62.9043
CACEQUI,-29.8883,-54.822
CÁCERES,-16.0764,-57.6818
CACHOEIRA,-12.5994,-38.9587
CACHOEIRA ALTA,-18.7618,-50.9432
CACHOEIRA DA PRATA,-19.521,-44.4544
CACHOEIRA DE GOIÁS,-16.6635,-50.646
CACHOEIRA DE MINAS,-22.3511,-45.7809
CACHOEIRA DE PAJEÚ,-15.9688,-41.4948
CACHOEIRA DO ARARI,-1.01226,-48.9503
CACHOEIRA DO PIRIÁ,-1.75974,-46.5459
CACHOEIRA DO SUL,-30.033,-52.8928
CACHOEIRA DOS ÍNDIOS,-6.91353,-38.676
CACHOEIRA DOURADA,-18.4859,-49.4766
CACHOEIRA DOURADA,-18.5161,-49.5039
CACHOEIRA GRANDE,-2.93074,-44.0528
CACHOEIRA PAULISTA,-22.6665,-45.0154
CACHOEIRAS DE MACACU,-22.4658,-42.6523
CACHOEIRINHA,-6.1156,-47.9234
CACHOEIRINHA,-8.48668,-36.2402
CACHOEIRINHA,-29.9472,-51.1016
CACHOEIRO DE ITAPEMIRIM,-20.8462,-41.1198
CACIMBA DE AREIA,-7.12128,-37.1563
CACIMBA DE DENTRO,-6.6386,-35.7778
CACIMBAS,-7.20721,-37.0604
CACIMBINHAS,-9.40121,-36.9911
CACIQUE DOBLE,-27.767,-51.6597
CACOAL,-11.4343,-61.4562
CACONDE,-21.528,-46.6437
CAÇU,-18.5594,-51.1328
CACULÉ,-14.5003,-42.2229
CAÉM,-11.0677,-40.432
CAETANÓPOLIS,-19.2971,-44.4189
CAETANOS,-14.3347,-40.9175
CAETÉ,-19.8826,-43.6704
CAETÉS,-8.7803,-36.6268
CAETITÉ,-14.0684,-42.4861
CAFARNAUM,-11.6914,-41.4688
CAFEARA,-22.789,-51.7142
CAFELÂNDIA,-21.8031,-49.6092
CAFELÂNDIA,-24.6189,-53.3207
CAFEZAL DO SUL,-23.9005,-53.5124
CAIABU,-22.0127,-51.2394
CAIANA,-20.6956,-41.9292
CAIAPÔNIA,-16.9539,-51.8091
CAIBATÉ,-28.2905,-54.6454
CAIBI,-27.0741,-53.2458
CAIÇARA,-27.2791,-53.4257
CAIÇARA,-6.62115,-35.4581
CAIÇARA DO NORTE,-5.07091,-36.0717
CAIÇARA DO RIO DO VENTO,-5.76541,-35.9938
CAICÓ,-6.45441,-37.1067
CAIEIRAS,-23.3607,-46.7397
CAIRU,-13.4904,-39.0465
CAIUÁ,-21.8322,-51.9969
CAJAMAR,-23.355,-46.8781
CAJAPIÓ,-2.87326,-44.6741
CAJARI,-3.32742,-45.0145
CAJATI,-24.7324,-48.1223
CAJAZEIRAS,-6.88004,-38.5577
CAJAZEIRAS DO PIAUÍ,-6.79667,-42.3903
CAJAZEIRINHAS,-6.96016,-37.8009
CAJOBI,-20.8773,-48.8063
CAJUEIRO,-9.3994,-36.1559
CAJUEIRO DA PRAIA,-2.93111,-41.3408
CAJURI,-20.7903,-42.7925
CAJURU,-21.2749,-47.303
CALÇADO,-8.73108,-36.3366
CALÇOENE,2.50475,-50.9512
CALDAS,-21.9183,-46.3843
CALDAS BRANDÃO,-7.1025,-35.3272
CALDAS NOVAS,-17.7441,-48.6246
CALDAZINHA,-16.7117,-49.0013
CALDEIRÃO GRANDE,-11.0208,-40.2956
CALDEIRÃO GRANDE DO PIAUÍ,-7.3314,-40.6366
CALIFÓRNIA,-23.6566,-51.3574
CALMON,-26.5942,-51.095
CALUMBI,-7.93551,-38.1482
CAMACAN,-15.4142,-39.4919
CAMAÇARI,-12.6996,-38.3263
CAMACHO,-20.6294,-45.1593
CAMALAÚ,-7.88503,-36.8242
CAMAMU,-13.9398,-39.1071
CAMANDUCAIA,-22.7515,-46.1494
CAMAPUÃ,-19.5347,-54.0431
CAMAQUÃ,-30.8489,-51.8043
CAMARAGIBE,-8.02351,-34.9782
CAMARGO,-28.588,-52.2003
CAMBARÁ,-23.0423,-50.0753
CAMBARÁ DO SUL,-29.0474,-50.1465
CAMBÉ,-23.2766,-51.2798
CAMBIRA,-23.589,-51.5792
CAMBORIÚ,-27.0241,-48.6503
CAMBUCI,-21.5691,-41.9187
CAMBUÍ,-22.6115,-46.0572
CAMBUQUIRA,-21.854,-45.2896
CAMETÁ,-2.24295,-49.4979
CAMOCIM,-2.9005,-40.8544
CAMOCIM DE SÃO FÉLIX,-8.35865,-35.7653
CAMPANÁRIO,-18.2427,-41.7355
CAMPANHA,-21.836,-45.4004
CAMPESTRE,-21.7079,-46.2381
CAMPESTRE,-8.84723,-35.5685
CAMPESTRE DA SERRA,-28.7926,-51.0941
CAMPESTRE DE GOIÁS,-16.7624,-49.695
CAMPESTRE DO MARANHÃO,-6.17075,-47.3625
CAMPINA DA LAGOA,-24.5893,-52.7976
CAMPINA DAS MISSÕES,-27.9888,-54.8416
CAMPINA DO MONTE ALEGRE,-23.5895,-48.4758
CAMPINA DO SIMÃO,-25.0802,-51.8237
CAMPINA GRANDE,-7.22196,-35.8731
CAMPINA GRANDE DO SUL,-25.3044,-49.0551
CAMPINA VERDE,-19.5382,-49.4862
CAMPINAÇU,-13.787,-48.5704
CAMPINÁPOLIS,-14.5162,-52.893
CAMPINAS,-22.9053,-47.0659
CAMPINAS DO PIAUÍ,-7.6593,-41.8775
CAMPINAS DO SUL,-27.7174,-52.6248
CAMPINORTE,-14.3137,-49.1511
CAMPO ALEGRE,-26.195,-49.2676
CAMPO ALEGRE,-9.78451,-36.3525
CAMPO ALEGRE DE GOIÁS,-17.6363,-47.7768
CAMPO ALEGRE DE LOURDES,-9.52221,-43.0126
CAMPO ALEGRE DO FIDALGO,-8.38236,-41.8344
CAMPO AZUL,-16.5028,-44.8096
CAMPO BELO,-20.8932,-45.2699
CAMPO BELO DO SUL,-27.8975,-50.7595
CAMPO BOM,-29.6747,-51.0606
CAMPO BONITO,-25.0294,-52.9939
CAMPO DO BRITO,-10.7392,-37.4954
CAMPO DO MEIO,-21.1127,-45.8273
CAMPO DO TENENTE,-25.98,-49.6844
CAMPO ERÊ,-26.3931,-53.0856
CAMPO FLORIDO,-19.7631,-48.5716
CAMPO FORMOSO,-10.5105,-40.32
CAMPO GRANDE,-9.95542,-36.7926
CAMPO GRANDE,-20.4486,-54.6295
CAMPO GRANDE DO PIAUÍ,-7.12827,-41.0315
CAMPO LARGO,-25.4525,-49.529
CAMPO LARGO DO PIAUÍ,-3.80441,-42.64
CAMPO LIMPO DE GOIÁS,-16.2971,-49.0895
CAMPO LIMPO PAULISTA,-23.2078,-46.7889
CAMPO MAGRO,-25.3687,-49.4501
CAMPO MAIOR,-4.8217,-42.1641
CAMPO MOURÃO,-24.0463,-52.378
CAMPO NOVO,-27.6792,-53.8052
CAMPO NOVO DE RONDÔNIA,-10.5712,-63.6266
CAMPO NOVO DO PARECIS,-13.6587,-57.8907
CAMPO REDONDO,-6.23829,-36.1888
CAMPO VERDE,-15.545,-55.1626
CAMPOS ALTOS,-19.6914,-46.1725
CAMPOS BELOS,-13.035,-46.7681
CAMPOS BORGES,-28.8871,-53.0008
CAMPOS DE JÚLIO,-13.7242,-59.2858
CAMPOS DO JORDÃO,-22.7296,-45.5833
CAMPOS DOS GOYTACAZES,-21.7622,-41.3181
CAMPOS GERAIS,-21.237,-45.7569
CAMPOS LINDOS,-7.98956,-46.8645
CAMPOS NOVOS,-27.4002,-51.2276
CAMPOS NOVOS PAULISTA,-22.602,-49.9987
CAMPOS SALES,-7.06761,-40.3687
CAMPOS VERDES,-14.2442,-49.6528
CAMUTANGA,-7.40545,-35.2664
CANA VERDE,-21.0232,-45.1801
CANAÃ,-20.6869,-42.6167
CANAÃ DOS CARAJÁS,-6.49659,-49.8776
CANABRAVA DO NORTE,-11.0556,-51.8209
CANANÉIA,-25.0144,-47.9341
CANAPI,-9.11932,-37.5967
CANÁPOLIS,-13.0725,-44.201
CANÁPOLIS,-18.7212,-49.2035
CANARANA,-11.6858,-41.7677
CANARANA,-13.5515,-52.2705
CANAS,-22.7003,-45.0521
CANAVIEIRA,-7.68821,-43.7233
CANAVIEIRAS,-15.6722,-38.9536
CANDEAL,-11.8049,-39.1203
CANDEIAS,-12.6716,-38.5472
CANDEIAS,-20.7692,-45.2765
CANDEIAS DO JAMARI,-8.7907,-63.7005
CANDELÁRIA,-29.6684,-52.7895
CANDIBA,-14.4097,-42.8667
CÂNDIDO DE ABREU,-24.5649,-51.3372
CÂNDIDO GODÓI,-27.9515,-54.7517
CÂNDIDO MENDES,-1.43265,-45.7161
CÂNDIDO MOTA,-22.7471,-50.3873
CÂNDIDO RODRIGUES,-21.3275,-48.6327
CÂNDIDO SALES,-15.4993,-41.2414
CANDIOTA,-31.5516,-53.6773
CANDÓI,-25.5758,-52.0409
CANELA,-29.356,-50.8119
CANELINHA,-27.2616,-48.7658
CANGUARETAMA,-6.37193,-35.1281
CANGUÇU,-31.396,-52.6783
CANHOBA,-10.1365,-36.9806
CANHOTINHO,-8.87652,-36.1979
CANINDÉ,-4.35162,-39.3155
CANINDÉ DE SÃO FRANCISCO,-9.64882,-37.7923
CANITAR,-23.004,-49.7839
CANOAS,-29.9128,-51.1857
CANOINHAS,-26.1766,-50.395
CANSANÇÃO,-10.6647,-39.4944
CANTÁ,2.60994,-60.6058
CANTAGALO,-21.9797,-42.3664
CANTAGALO,-25.3734,-52.1198
CANTAGALO,-18.5248,-42.6223
CANTANHEDE,-3.63757,-44.383
CANTO DO BURITI,-8.1111,-42.9517
CANUDOS,-9.90014,-39.1471
CANUDOS DO VALE,-29.3271,-52.2374
CANUTAMA,-6.52582,-64.3953
CAPANEMA,-1.20529,-47.1778
CAPANEMA,-25.6691,-53.8055
CAPÃO ALTO,-27.9389,-50.5098
CAPÃO BONITO,-24.0113,-48.3482
CAPÃO BONITO DO SUL,-28.1254,-51.3961
CAPÃO DA CANOA,-29.7642,-50.0282
CAPÃO DO CIPÓ,-28.9312,-54.5558
CAPÃO DO LEÃO,-31.7565,-52.4889
CAPARAÓ,-20.5289,-41.9061
CAPELA,-9.41504,-36.0826
CAPELA,-10.5069,-37.0628
CAPELA DE SANTANA,-29.6961,-51.328
CAPELA DO ALTO,-23.4685,-47.7388
CAPELA DO ALTO ALEGRE,-11.6658,-39.8349
CAPELA NOVA,-20.9179,-43.622
CAPELINHA,-17.6888,-42.5147
CAPETINGA,-20.6163,-47.0571
CAPIM,-6.91624,-35.1673
CAPIM BRANCO,-19.5471,-44.1304
CAPIM GROSSO,-11.3797,-40.0089
CAPINÓPOLIS,-18.6862,-49.5706
CAPINZAL,-27.3473,-51.6057
CAPINZAL DO NORTE,-4.7236,-44.328
CAPISTRANO,-4.45569,-38.9048
CAPITÃO,-29.2674,-51.9853
CAPITÃO ANDRADE,-19.0748,-41.8614
CAPITÃO DE CAMPOS,-4.457,-41.944
CAPITÃO ENÉAS,-16.3265,-43.7084
CAPITÃO GERVÁSIO OLIVEIRA,-8.49655,-41.814
CAPITÃO LEÔNIDAS MARQUES,-25.4816,-53.6112
CAPITÃO POÇO,-1.74785,-47.0629
CAPITÓLIO,-20.6164,-46.0493
CAPIVARI,-22.9951,-47.5071
CAPIVARI DE BAIXO,-28.4498,-48.9631
CAPIVARI DO SUL,-30.1383,-50.5152
CAPIXABA,-10.566,-67.686
CAPOEIRAS,-8.73423,-36.6306
CAPUTIRA,-20.1703,-42.2683
CARAÁ,-29.7869,-50.4316
CARACARAÍ,1.82766,-61.1304
CARACOL,-9.27933,-43.329
CARACOL,-22.011,-57.0277
CARAGUATATUBA,-23.6125,-45.4125
CARAÍ,-17.1862,-41.7004
CARAÍBAS,-14.7177,-41.2603
CARAMBEÍ,-24.9152,-50.0986
CARANAÍBA,-20.8707,-43.7417
CARANDAÍ,-20.9566,-43.811
CARANGOLA,-20.7343,-42.0313
CARAPEBUS,-22.1821,-41.663
CARAPICUÍBA,-23.5235,-46.8407
CARATINGA,-19.7868,-42.1292
CARAUARI,-4.88161,-66.9086
CARAÚBAS,-5.78387,-37.5586
CARAÚBAS,-7.72049,-36.492
CARAÚBAS DO PIAUÍ,-3.47525,-41.8425
CARAVELAS,-17.7268,-39.2597
CARAZINHO,-28.2958,-52.7933
CARBONITA,-17.5255,-43.0137
CARDEAL DA SILVA,-11.9472,-37.9469
CARDOSO,-20.08,-49.9183
CARDOSO MOREIRA,-21.4846,-41.6165
CAREAÇU,-22.0424,-45.696
CAREIRO,-3.76803,-60.369
CAREIRO DA VÁRZEA,-3.314,-59.5557
CARIACICA,-20.2632,-40.4165
CARIDADE,-4.22514,-39.1912
CARIDADE DO PIAUÍ,-7.73435,-40.9848
CARINHANHA,-14.2985,-43.7724
CARIRA,-10.3524,-37.7002
CARIRÉ,-3.94858,-40.476
CARIRI DO TOCANTINS,-11.8881,-49.1609
CARIRIAÇU,-7.02808,-39.2828
CARIÚS,-6.52428,-39.4916
CARLINDA,-9.94912,-55.8417
CARLÓPOLIS,-23.4269,-49.7235
CARLOS BARBOSA,-29.2969,-51.5028
CARLOS CHAGAS,-17.6973,-40.7723
CARLOS GOMES,-27.7167,-51.9121
CARMÉSIA,-19.0877,-43.1382
CARMO,-21.931,-42.6046
CARMO DA CACHOEIRA,-21.4633,-45.2201
CARMO DA MATA,-20.5575,-44.8735
CARMO DE MINAS,-22.1204,-45.1307
CARMO DO CAJURU,-20.1912,-44.7664
CARMO DO PARANAÍBA,-18.991,-46.3167
CARMO DO RIO CLARO,-20.9736,-46.1149
CARMO DO RIO VERDE,-15.3549,-49.708
CARMOLÂNDIA,-7.03262,-48.3978
CARMÓPOLIS,-10.6449,-36.9887
CARMÓPOLIS DE MINAS,-20.5396,-44.6336
CARNAÍBA,-7.79342,-37.7946
CARNAÚBA DOS DANTAS,-6.55015,-36.5868
CARNAUBAIS,-5.34181,-36.8335
CARNAUBAL,-4.15985,-40.9413
CARNAUBEIRA DA PENHA,-8.31799,-38.7512
CARNEIRINHO,-19.6987,-50.6894
CARNEIROS,-9.48476,-37.3773
CAROEBE,0.884203,-59.6959
CAROLINA,-7.33584,-47.4634
CARPINA,-7.84566,-35.2514
CARRANCAS,-21.4898,-44.6446
CARRAPATEIRA,-7.03414,-38.3399
CARRASCO BONITO,-5.31415,-48.0314
CARUARU,-8.28455,-35.9699
CARUTAPERA,-1.19696,-46.0085
CARVALHÓPOLIS,-21.7735,-45.8421
CARVALHOS,-22.0,-44.4632
CASA BRANCA,-21.7708,-47.0852
CASA GRANDE,-20.7925,-43.9343
CASA NOVA,-9.16408,-40.974
CASCA,-28.5605,-51.9815
CASCALHO RICO,-18.5772,-47.8716
CASCAVEL,-24.9573,-53.459
CASCAVEL,-4.12967,-38.2412
CASEARA,-9.27612,-49.9521
CASEIROS,-28.2582,-51.6861
CASIMIRO DE ABREU,-22.4812,-42.2066
CASINHAS,-7.74084,-35.7206
CASSERENGUE,-6.77954,-35.8179
CÁSSIA,-20.5831,-46.9201
CÁSSIA DOS COQUEIROS,-21.2801,-47.1643
CASSILÂNDIA,-19.1179,-51.7313
CASTANHAL,-1.29797,-47.9167
CASTANHEIRA,-11.1251,-58.6081
CASTANHEIRAS,-11.4253,-61.9482
CASTELÂNDIA,-18.0921,-50.203
CASTELO,-20.6033,-41.2031
CASTELO DO PIAUÍ,-5.31869,-41.5499
CASTILHO,-20.8689,-51.4884
CASTRO,-24.7891,-50.0108
CASTRO ALVES,-12.7579,-39.4248
CATAGUASES,-21.3924,-42.6896
CATALÃO,-18.1656,-47.944
CATANDUVA,-21.1314,-48.977
CATANDUVAS,-25.2044,-53.1548
CATANDUVAS,-27.069,-51.6602
CATARINA,-6.12291,-39.8736
CATAS ALTAS,-20.0734,-43.4061
CATAS ALTAS DA NORUEGA,-20.6901,-43.4939
CATENDE,-8.67509,-35.7024
CATIGUÁ,-21.0519,-49.0616
CATINGUEIRA,-7.12008,-37.6064
CATOLÂNDIA,-12.31,-44.8648
CATOLÉ DO ROCHA,-6.34062,-37.747
CATU,-12.3513,-38.3791
CATUÍPE,-28.2554,-54.0132
CATUJI,-17.3018,-41.5276
CATUNDA,-4.64336,-40.2
CATURAÍ,-16.4447,-49.4936
CATURAMA,-13.3239,-42.2904
CATURITÉ,-7.41659,-36.0306
CATUTI,-15.3616,-42.9627
CAUCAIA,-3.72797,-38.6619
CAVALCANTE,-13.7976,-47.4566
CAXAMBU,-21.9753,-44.9319
CAXAMBU DO SUL,-27.1624,-52.8807
CAXIAS,-4.86505,-43.3617
CAXIAS DO SUL,-29.1629,-51.1792
CAXINGÓ,-3.41904,-41.8955
CEARÁ-MIRIM,-5.64323,-35.4247
CEDRAL,-2.00027,-44.5281
CEDRAL,-20.9009,-49.2664
CEDRO,-6.60034,-39.0609
CEDRO,-7.71179,-39.2367
CEDRO DE SÃO JOÃO,-10.2534,-36.8856
CEDRO DO ABAETÉ,-19.1458,-45.712
CELSO RAMOS,-27.6327,-51.335
CENTENÁRIO,-27.7615,-51.9984
CENTENÁRIO,-8.96103,-47.3304
CENTENÁRIO DO SUL,-22.8188,-51.5973
CENTRAL,-11.1376,-42.1116
CENTRAL DE MINAS,-18.7612,-41.3143
CENTRAL DO MARANHÃO,-2.19831,-44.8254
CENTRALINA,-18.5852,-49.2014
CENTRO DO GUILHERME,-2.44891,-46.0345
CENTRO NOVO DO MARANHÃO,-2.12696,-46.1228
CEREJEIRAS,-13.187,-60.8168
CERES,-15.3061,-49.6
CERQUEIRA CÉSAR,-23.038,-49.1655
CERQUILHO,-23.1665,-47.7459
CERRITO,-31.8419,-52.8004
CERRO AZUL,-26.0891,-52.8691
CERRO BRANCO,-29.657,-52.9406
CERRO CORÁ,-6.03503,-36.3503
CERRO GRANDE,-27.6106,-53.1672
CERRO GRANDE DO SUL,-30.5905,-51.7418
CERRO LARGO,-28.1463,-54.7428
CERRO NEGRO,-27.7942,-50.8673
CESÁRIO LANGE,-23.226,-47.9545
CÉU AZUL,-25.1489,-53.8415
CEZARINA,-16.9718,-49.7758
CHÃ DE ALEGRIA,-8.00679,-35.204
CHÃ GRANDE,-8.23827,-35.4571
CHÃ PRETA,-9.2556,-36.2983
CHÁCARA,-21.6733,-43.215
CHALÉ,-20.0453,-41.6897
CHAPADA,-28.0559,-53.0665
CHAPADA DA NATIVIDADE,-11.6175,-47.7486
CHAPADA DE AREIA,-10.1419,-49.1403
CHAPADA DO NORTE,-17.0881,-42.5392
CHAPADA DOS GUIMARÃES,-15.4643,-55.7499
CHAPADA GAÚCHA,-15.3014,-45.6116
CHAPADÃO DO CÉU,-18.4073,-52.549
CHAPADÃO DO LAGEADO,-27.5905,-49.5539
CHAPADÃO DO SUL,-18.788,-52.6263
CHAPADINHA,-3.73875,-43.3538
CHAPECÓ,-27.1004,-52.6152
CHARQUEADA,-22.5096,-47.7755
CHARQUEADAS,-29.9625,-51.6289
CHARRUA,-27.9493,-52.015
CHAVAL,-3.03571,-41.2435
CHAVANTES,-23.0366,-49.7096
CHAVES,-0.164154,-49.987
CHIADOR,-21.9996,-43.0617
CHIAPETTA,-27.923,-53.9419
CHOPINZINHO,-25.8515,-52.5173
CHORÓ,-4.83906,-39.1344
CHOROZINHO,-4.28873,-38.4986
CHORROCHÓ,-8.9695,-39.0979
CHUÍ,-33.6866,-53.4594
CHUPINGUAIA,-12.5611,-60.8877
CHUVISCA,-30.7504,-51.9737
CIANORTE,-23.6599,-52.6054
CÍCERO DANTAS,-10.5897,-38.3794
CIDADE GAÚCHA,-23.3772,-52.9436
CIDADE OCIDENTAL,-16.0765,-47.9252
CIDELÂNDIA,-5.17465,-47.7781
CIDREIRA,-30.1604,-50.2337
CIPÓ,-11.1032,-38.5179
CIPOTÂNEA,-20.9026,-43.3629
CIRÍACO,-28.3419,-51.8741
CLARAVAL,-20.397,-47.2768
CLARO DOS POÇÕES,-17.082,-44.2061
CLÁUDIA,-11.5075,-54.8835
CLÁUDIO,-20.4437,-44.7673
CLEMENTINA,-21.5604,-50.4525
CLEVELÂNDIA,-26.4043,-52.3508
COARACI,-14.637,-39.5556
COARI,-4.09412,-63.1441
COCAL,-3.47279,-41.5546
COCAL DE TELHA,-4.5571,-41.9587
COCAL DO SUL,-28.5986,-49.3335
COCAL DOS ALVES,-3.62047,-41.4402
COCALINHO,-14.3903,-51.0001
COCALZINHO DE GOIÁS,-15.7914,-48.7747
COCOS,-14.1814,-44.5352
CODAJÁS,-3.83053,-62.0658
CODÓ,-4.45562,-43.8924
COELHO NETO,-4.25245,-43.0108
COIMBRA,-20.8535,-42.8008
COITÉ DO NÓIA,-9.63348,-36.5845
COIVARAS,-5.09224,-42.208
COLARES,-0.936423,-48.2803
COLATINA,-19.5493,-40.6269
COLÍDER,-10.8135,-55.461
COLINA,-20.7114,-48.5387
COLINAS,-29.3948,-51.8556
COLINAS,-6.03199,-44.2543
COLINAS DO SUL,-14.1528,-48.076
COLINAS DO TOCANTINS,-8.05764,-48.4757
COLMÉIA,-8.72463,-48.7638
COLNIZA,-9.46121,-59.2252
COLÔMBIA,-20.1768,-48.6865
COLOMBO,-25.2925,-49.2262
COLÔNIA DO GURGUÉIA,-8.1837,-43.794
COLÔNIA DO PIAUÍ,-7.22651,-42.1756
COLÔNIA LEOPOLDINA,-8.91806,-35.7214
COLORADO,-28.5258,-52.9928
COLORADO,-22.8374,-51.9743
COLORADO DO OESTE,-13.1174,-60.5454
COLUNA,-18.2311,-42.8352
COMBINADO,-12.7917,-46.5388
COMENDADOR GOMES,-19.6973,-49.0789
COMENDADOR LEVY GASPARIAN,-22.0404,-43.214
COMERCINHO,-16.2963,-41.7945
COMODORO,-13.6614,-59.7848
CONCEIÇÃO,-7.55106,-38.5014
CONCEIÇÃO DA APARECIDA,-21.096,-46.2049
CONCEIÇÃO DA BARRA,-18.5883,-39.7362
CONCEIÇÃO DA BARRA DE MINAS,-21.1316,-44.4729
CONCEIÇÃO DA FEIRA,-12.5078,-38.9978
CONCEIÇÃO DAS ALAGOAS,-19.9172,-48.3839
CONCEIÇÃO DAS PEDRAS,-22.1576,-45.4562
CONCEIÇÃO DE IPANEMA,-19.9326,-41.6908
CONCEIÇÃO DE MACABU,-22.0834,-41.8719
CONCEIÇÃO DO ALMEIDA,-12.7836,-39.1715
CONCEIÇÃO DO ARAGUAIA,-8.26136,-49.2689
CONCEIÇÃO DO CANINDÉ,-7.87638,-41.5942
CONCEIÇÃO DO CASTELO,-20.3639,-41.2417
CONCEIÇÃO DO COITÉ,-11.56,-39.2808
CONCEIÇÃO DO JACUÍPE,-12.3268,-38.7684
CONCEIÇÃO DO LAGO-AÇU,-3.85142,-44.8895
CONCEIÇÃO DO MATO DENTRO,-19.0344,-43.4221
CONCEIÇÃO DO PARÁ,-19.7456,-44.8945
CONCEIÇÃO DO RIO VERDE,-21.8778,-45.087
CONCEIÇÃO DO TOCANTINS,-12.2209,-47.2951
CONCEIÇÃO DOS OUROS,-22.4078,-45.7996
CONCHAL,-22.3375,-47.1729
CONCHAS,-23.0154,-48.0134
CONCÓRDIA,-27.2335,-52.026
CONCÓRDIA DO PARÁ,-1.99238,-47.9422
CONDADO,-6.89831,-37.606
CONDADO,-7.58787,-35.0999
CONDE,-7.25746,-34.8999
CONDE,-11.8179,-37.6131
CONDEÚBA,-14.9022,-41.9718
CONDOR,-28.2075,-53.4905
CÔNEGO MARINHO,-15.2892,-44.4181
CONFINS,-19.6282,-43.9931
CONFRESA,-10.6437,-51.5699
CONGO,-7.79078,-36.6581
CONGONHAL,-22.1488,-46.043
CONGONHAS,-20.4958,-43.851
CONGONHAS DO NORTE,-18.8021,-43.6767
CONGONHINHAS,-23.5493,-50.5569
CONQUISTA,-19.9312,-47.5492
CONQUISTA D'OESTE,-14.5381,-59.5444
CONSELHEIRO LAFAIETE,-20.6634,-43.7846
CONSELHEIRO MAIRINCK,-23.623,-50.1707
CONSELHEIRO PENA,-19.1789,-41.4736
CONSOLAÇÃO,-22.5493,-45.9255
CONSTANTINA,-27.732,-52.9938
CONTAGEM,-19.9321,-44.0539
CONTENDA,-25.6788,-49.535
CONTENDAS DO SINCORÁ,-13.7537,-41.048
COQUEIRAL,-21.1858,-45.4366
COQUEIRO BAIXO,-29.1802,-52.0942
COQUEIRO SECO,-9.63715,-35.7994
COQUEIROS DO SUL,-28.1194,-52.7842
CORAÇÃO DE JESUS,-16.6841,-44.3635
CORAÇÃO DE MARIA,-12.2333,-38.7487
CORBÉLIA,-24.7971,-53.3006
CORDEIRO,-22.0267,-42.3648
CORDEIRÓPOLIS,-22.4778,-47.4519
CORDEIROS,-15.0356,-41.9308
CORDILHEIRA ALTA,-26.9844,-52.6056
CORDISBURGO,-19.1224,-44.3224
CORDISLÂNDIA,-21.7891,-45.6999
COREAÚ,-3.5415,-40.6587
COREMAS,-7.00712,-37.9346
CORGUINHO,-19.8243,-54.8281
CORIBE,-13.8232,-44.4586
CORINTO,-18.369,-44.4542
CORNÉLIO PROCÓPIO,-23.1829,-50.6498
COROACI,-18.6156,-42.2791
COROADOS,-21.3521,-50.2859
COROATÁ,-4.13442,-44.1244
COROMANDEL,-18.4734,-47.1933
CORONEL BARROS,-28.3921,-54.0686
CORONEL BICACO,-27.7197,-53.7022
CORONEL DOMINGOS SOARES,-26.2277,-52.0356
CORONEL EZEQUIEL,-6.3748,-36.2223
CORONEL FABRICIANO,-19.5179,-42.6276
CORONEL FREITAS,-26.9057,-52.7011
CORONEL JOÃO PESSOA,-6.24974,-38.4441
CORONEL JOÃO SÁ,-10.2847,-37.9198
CORONEL JOSÉ DIAS,-8.81397,-42.5232
CORONEL MACEDO,-23.6261,-49.31
CORONEL MARTINS,-26.511,-52.6694
CORONEL MURTA,-16.6148,-42.184
CORONEL PACHECO,-21.5898,-43.256
CORONEL PILAR,-29.2695,-51.6847
CORONEL SAPUCAIA,-23.2724,-55.5278
CORONEL VIVIDA,-25.9767,-52.5641
CORONEL XAVIER CHAVES,-21.0277,-44.2206
CÓRREGO DANTA,-19.8198,-45.9032
CÓRREGO DO BOM JESUS,-22.6269,-46.0241
CÓRREGO DO OURO,-16.2918,-50.5503
CÓRREGO FUNDO,-20.4474,-45.5617
CÓRREGO NOVO,-19.8361,-42.3988
CORREIA PINTO,-27.5877,-50.3614
CORRENTE,-10.4333,-45.1633
CORRENTES,-9.12117,-36.3244
CORRENTINA,-13.3477,-44.6333
CORTÊS,-8.47443,-35.5468
CORUMBÁ,-19.0077,-57.651
CORUMBÁ DE GOIÁS,-15.9245,-48.8117
CORUMBAÍBA,-18.1415,-48.5626
CORUMBATAÍ,-22.2213,-47.6215
CORUMBATAÍ DO SUL,-24.101,-52.1177
CORUMBIARA,-12.9551,-60.8947
CORUPÁ,-26.4246,-49.246
CORURIPE,-10.1276,-36.1717
COSMÓPOLIS,-22.6419,-47.1926
COSMORAMA,-20.4755,-49.7827
COSTA MARQUES,-12.4367,-64.228
COSTA RICA,-18.5432,-53.1287
COTEGIPE,-12.0228,-44.2566
COTIA,-23.6022,-46.919
COTIPORÃ,-28.9891,-51.6971
COTRIGUAÇU,-9.85656,-58.4192
COUTO DE MAGALHÃES DE MINAS,-18.0727,-43.4648
COUTO MAGALHÃES,-8.28411,-49.2473
COXILHA,-28.128,-52.3023
COXIM,-18.5013,-54.751
COXIXOLA,-7.62365,-36.6064
CRAÍBAS,-9.6178,-36.7697
CRATEÚS,-5.16768,-40.6536
CRATO,-7.2153,-39.4103
CRAVINHOS,-21.338,-47.7324
CRAVOLÂNDIA,-13.3531,-39.8031
CRICIÚMA,-28.6723,-49.3729
CRISÓLITA,-17.2381,-40.9184
CRISÓPOLIS,-11.5059,-38.1515
CRISSIUMAL,-27.4999,-54.0994
CRISTAIS,-20.8733,-45.5167
CRISTAIS PAULISTA,-20.4036,-47.4209
CRISTAL,-31.0046,-52.0436
CRISTAL DO SUL,-27.452,-53.2422
CRISTALÂNDIA,-10.5985,-49.1942
CRISTALÂNDIA DO PIAUÍ,-10.6443,-45.1893
CRISTÁLIA,-16.716,-42.8571
CRISTALINA,-16.7676,-47.6131
CRISTIANO OTONI,-20.8324,-43.8166
CRISTIANÓPOLIS,-17.1987,-48.7034
CRISTINA,-22.208,-45.2673
CRISTINÁPOLIS,-11.4668,-37.7585
CRISTINO CASTRO,-8.82273,-44.223
CRISTÓPOLIS,-12.2249,-44.4214
CRIXÁS,-14.5412,-49.974
CRIXÁS DO TOCANTINS,-11.0994,-48.9152
CROATÁ,-4.40481,-40.9022
CROMÍNIA,-17.2883,-49.3798
CRUCILÂNDIA,-20.3923,-44.3334
CRUZ,-2.91813,-40.176
CRUZ ALTA,-28.645,-53.6048
CRUZ DAS ALMAS,-12.6675,-39.1008
CRUZ DO ESPÍRITO SANTO,-7.13902,-35.0857
CRUZ MACHADO,-26.0166,-51.343
CRUZÁLIA,-22.7373,-50.7909
CRUZALTENSE,-27.6672,-52.6522
CRUZEIRO,-22.5728,-44.969
CRUZEIRO DA FORTALEZA,-18.944,-46.6669
CRUZEIRO DO IGUAÇU,-25.6192,-53.1285
CRUZEIRO DO OESTE,-23.7799,-53.0774
CRUZEIRO DO SUL,-22.9624,-52.1622
CRUZEIRO DO SUL,-29.5148,-51.9928
CRUZEIRO DO SUL,-7.62762,-72.6756
CRUZETA,-6.40894,-36.7782
CRUZÍLIA,-21.84,-44.8067
CRUZMALTINA,-24.0132,-51.4563
CUBATÃO,-23.8911,-46.424
CUBATI,-6.86686,-36.3619
CUIABÁ,-15.601,-56.0974
CUITÉ,-6.47647,-36.1515
CUITÉ DE MAMANGUAPE,-6.91292,-35.2502
CUITEGI,-6.89058,-35.5215
CUJUBIM,-9.36065,-62.5846
CUMARI,-18.2644,-48.1511
CUMARU,-8.00827,-35.6957
CUMARU DO NORTE,-7.81097,-50.7698
CUMBE,-10.352,-37.1846
CUNHA,-23.0731,-44.9576
CUNHA PORÃ,-26.895,-53.1662
CUNHATAÍ,-26.9709,-53.0895
CUPARAQUE,-18.9648,-41.0986
CUPIRA,-8.62432,-35.9518
CURAÇÁ,-8.98458,-39.8997
CURIMATÁ,-10.0326,-44.3002
CURIONÓPOLIS,-6.09965,-49.6068
CURITIBA,-25.4195,-49.2646
CURITIBANOS,-27.2824,-50.5816
CURIÚVA,-24.0362,-50.4576
CURRAIS,-9.01175,-44.4062
CURRAIS NOVOS,-6.25484,-36.5146
CURRAL DE CIMA,-6.72325,-35.2639
CURRAL DE DENTRO,-15.9327,-41.8557
CURRAL NOVO DO PIAUÍ,-7.8313,-40.8957
CURRAL VELHO,-7.53075,-38.1962
CURRALINHO,-1.81179,-49.7952
CURRALINHOS,-5.60825,-42.8376
CURUÁ,-1.88775,-55.1168
CURUÇÁ,-0.733214,-47.8515
CURURUPU,-1.81475,-44.8644
CURVELÂNDIA,-15.6084,-57.9133
CURVELO,-18.7527,-44.4303
CUSTÓDIA,-8.08546,-37.6443
CUTIAS,0.970761,-50.8005
DAMIANÓPOLIS,-14.5604,-46.178
DAMIÃO,-6.63161,-35.9101
DAMOLÂNDIA,-16.2544,-49.3631
DARCINÓPOLIS,-6.71591,-47.7597
DÁRIO MEIRA,-14.4229,-39.9031
DATAS,-18.4478,-43.6591
DAVID CANABARRO,-28.3849,-51.8482
DAVINÓPOLIS,-5.54637,-47.4217
DAVINÓPOLIS,-18.1501,-47.5568
DELFIM MOREIRA,-22.5036,-45.2792
DELFINÓPOLIS,-20.3468,-46.8456
DELMIRO GOUVEIA,-9.38534,-37.9987
DELTA,-19.9721,-47.7841
DEMERVAL LOBÃO,-5.35875,-42.6776
DENISE,-14.7324,-57.0583
DEODÁPOLIS,-22.2763,-54.1682
DEPUTADO IRAPUAN PINHEIRO,-5.91485,-39.257
DERRUBADAS,-27.2642,-53.8645
DESCALVADO,-21.9002,-47.6181
DESCANSO,-26.827,-53.5034
DESCOBERTO,-21.46,-42.9618
DESTERRO,-7.287,-37.0925
DESTERRO DE ENTRE RIOS,-20.665,-44.3334
DESTERRO DO MELO,-21.143,-43.5178
DEZESSEIS DE NOVEMBRO,-28.219,-55.0617
DIADEMA,-23.6813,-46.6205
DIAMANTE,-7.41738,-38.2615
DIAMANTE D'OESTE,-24.9419,-54.1052
DIAMANTE DO NORTE,-22.655,-52.8617
DIAMANTE DO SUL,-25.035,-52.6768
DIAMANTINA,-18.2413,-43.6031
DIAMANTINO,-14.4037,-56.4366
DIANÓPOLIS,-11.624,-46.8198
DIAS D'ÁVILA,-12.6187,-38.2926
DILERMANDO DE AGUIAR,-29.7054,-54.2122
DIOGO DE VASCONCELOS,-20.4879,-43.1953
DIONÍSIO,-19.8433,-42.7701
DIONÍSIO CERQUEIRA,-26.2648,-53.6351
DIORAMA,-16.2329,-51.2543
DIRCE REIS,-20.4642,-50.6073
DIRCEU ARCOVERDE,-9.33939,-42.4348
DIVINA PASTORA,-10.6782,-37.1506
DIVINÉSIA,-20.9917,-43.0003
DIVINO,-20.6134,-42.1438
DIVINO DAS LARANJEIRAS,-18.7755,-41.4781
DIVINO DE SÃO LOURENÇO,-20.6229,-41.6937
DIVINOLÂNDIA,-21.6637,-46.7361
DIVINOLÂNDIA DE MINAS,-18.8004,-42.6103
DIVINÓPOLIS,-20.1446,-44.8912
DIVINÓPOLIS DE GOIÁS,-13.2853,-46.3999
DIVINÓPOLIS DO TOCANTINS,-9.80018,-49.2169
DIVISA ALEGRE,-15.7221,-41.3463
DIVISA NOVA,-21.5092,-46.1904
DIVISÓPOLIS,-15.7254,-40.9997
DOBRADA,-21.5155,-48.3935
DOIS CÓRREGOS,-22.3673,-48.3819
DOIS IRMÃOS,-29.5836,-51.0898
DOIS IRMÃOS DAS MISSÕES,-27.6621,-53.5304
DOIS IRMÃOS DO BURITI,-20.6848,-55.2915
DOIS IRMÃOS DO TOCANTINS,-9.25534,-49.0638
DOIS LAJEADOS,-28.983,-51.8396
DOIS RIACHOS,-9.38465,-37.0965
DOIS VIZINHOS,-25.7407,-53.057
DOLCINÓPOLIS,-20.124,-50.5149
DOM AQUINO,-15.8099,-54.9223
DOM BASÍLIO,-13.7565,-41.7677
DOM BOSCO,-16.652,-46.2597
DOM CAVATI,-19.3735,-42.1121
DOM ELISEU,-4.19944,-47.8245
DOM EXPEDITO LOPES,-6.95332,-41.6396
DOM FELICIANO,-30.7004,-52.1026
DOM INOCÊNCIO,-9.00516,-41.9697
DOM JOAQUIM,-18.961,-43.2544
DOM MACEDO COSTA,-12.9016,-39.1923
DOM PEDRITO,-30.9756,-54.6694
DOM PEDRO,-5.03518,-44.4409
DOM PEDRO DE ALCÂNTARA,-29.3639,-49.853
DOM SILVÉRIO,-20.1627,-42.9627
DOM VIÇOSO,-22.2511,-45.1643
DOMINGOS MARTINS,-20.3603,-40.6594
DOMINGOS MOURÃO,-4.2495,-41.2683
DONA EMMA,-26.981,-49.7261
DONA EUSÉBIA,-21.319,-42.807
DONA FRANCISCA,-29.6195,-53.3617
DONA INÊS,-6.61566,-35.6205
DORES DE CAMPOS,-21.1139,-44.0207
DORES DE GUANHÃES,-19.0516,-42.9254
DORES DO INDAIÁ,-19.4628,-45.5927
DORES DO RIO PRETO,-20.6931,-41.8405
DORES DO TURVO,-20.9785,-43.1834
DORESÓPOLIS,-20.2868,-45.9007
DORMENTES,-8.44116,-40.7662
DOURADINA,-22.0405,-54.6158
DOURADINA,-23.3807,-53.2918
DOURADO,-22.1044,-48.3178
DOURADOQUARA,-18.4338,-47.5993
DOURADOS,-22.2231,-54.812
DOUTOR CAMARGO,-23.5582,-52.2178
DOUTOR MAURÍCIO CARDOSO,-27.5103,-54.3577
DOUTOR PEDRINHO,-26.7174,-49.4795
DOUTOR RICARDO,-29.084,-51.9972
DOUTOR SEVERIANO,-6.08082,-38.3794
DOUTOR ULYSSES,-24.5665,-49.4219
DOVERLÂNDIA,-16.7188,-52.3189
DRACENA,-21.4843,-51.535
DUARTINA,-22.4146,-49.4084
DUAS BARRAS,-22.0536,-42.5232
DUAS ESTRADAS,-6.68499,-35.418
DUERÉ,-11.3416,-49.2716
DUMONT,-21.2324,-47.9756
DUQUE BACELAR,-4.15002,-42.9477
DUQUE DE CAXIAS,-22.7858,-43.3049
DURANDÉ,-20.2058,-41.7977
ECHAPORÃ,-22.4326,-50.2038
ECOPORANGA,-18.3702,-40.836
EDEALINA,-17.4239,-49.6644
EDÉIA,-17.3406,-49.9295
EIRUNEPÉ,-6.65677,-69.8662
ELDORADO,-23.7868,-54.2838
ELDORADO,-24.5281,-48.1141
ELDORADO DO CARAJÁS,-6.10389,-49.3553
ELDORADO DO SUL,-30.0847,-51.6187
ELESBÃO VELOSO,-6.19947,-42.1355
ELIAS FAUSTO,-23.0428,-47.3682
ELISEU MARTINS,-8.09629,-43.6705
ELISIÁRIO,-21.1678,-49.1146
ELÍSIO MEDRADO,-12.9417,-39.5191
ELÓI MENDES,-21.6088,-45.5691
EMAS,-7.09964,-37.7163
EMBAÚBA,-20.9796,-48.8325
EMBU DAS ARTES,-23.6437,-46.8579
EMBU-GUAÇU,-23.8297,-46.8136
EMILIANÓPOLIS,-21.8314,-51.4832
ENCANTADO,-29.2351,-51.8703
ENCANTO,-6.10691,-38.3033
ENCRUZILHADA,-15.5302,-40.9124
ENCRUZILHADA DO SUL,-30.543,-52.5204
ENÉAS MARQUES,-25.9445,-53.1659
ENGENHEIRO BELTRÃO,-23.797,-52.2659
ENGENHEIRO CALDAS,-19.2065,-42.0503
ENGENHEIRO COELHO,-22.4836,-47.211
ENGENHEIRO NAVARRO,-17.2831,-43.947
ENGENHEIRO PAULO DE FRONTIN,-22.5498,-43.6827
ENGENHO VELHO,-27.706,-52.9145
ENTRE FOLHAS,-19.6218,-42.2306
ENTRE RIOS,-11.9392,-38.0871
ENTRE RIOS,-26.7225,-52.5585
ENTRE RIOS DE MINAS,-20.6706,-44.0654
ENTRE RIOS DO OESTE,-24.7042,-54.2385
ENTRE RIOS DO SUL,-27.5298,-52.7347
ENTRE-IJUÍS,-28.3686,-54.2686
ENVIRA,-7.43789,-70.0281
EPITACIOLÂNDIA,-11.0188,-68.7341
EQUADOR,-6.93835,-36.717
EREBANGO,-27.8544,-52.3005
ERECHIM,-27.6364,-52.2697
ERERÊ,-6.02751,-38.3461
ÉRICO CARDOSO,-13.4215,-42.1352
ERMO,-28.9869,-49.643
ERNESTINA,-28.4977,-52.5836
ERVAL GRANDE,-27.3926,-52.574
ERVAL SECO,-27.5443,-53.5005
ERVAL VELHO,-27.2743,-51.443
ERVÁLIA,-20.8403,-42.6544
ESCADA,-8.35672,-35.2241
ESMERALDA,-28.0518,-51.1933
ESMERALDAS,-19.764,-44.3065
ESPERA FELIZ,-20.6508,-41.9119
ESPERANÇA,-7.02278,-35.8597
ESPERANÇA DO SUL,-27.3603,-53.9891
ESPERANÇA NOVA,-23.7238,-53.811
ESPERANTINA,-5.36593,-48.5378
ESPERANTINA,-3.88863,-42.2324
ESPERANTINÓPOLIS,-4.87938,-44.6926
ESPIGÃO ALTO DO IGUAÇU,-25.4216,-52.8348
ESPIGÃO D'OESTE,-11.5266,-61.0252
ESPINOSA,-14.9249,-42.809
ESPÍRITO SANTO,-6.33563,-35.3052
ESPÍRITO SANTO DO DOURADO,-22.0454,-45.9548
ESPÍRITO SANTO DO PINHAL,-22.1909,-46.7477
ESPÍRITO SANTO DO TURVO,-22.6925,-49.4341
ESPLANADA,-11.7942,-37.9432
ESPUMOSO,-28.7286,-52.8461
ESTAÇÃO,-27.9135,-52.2635
ESTÂNCIA,-11.2659,-37.4484
ESTÂNCIA VELHA,-29.6535,-51.1843
ESTEIO,-29.852,-51.1841
ESTIVA,-22.4577,-46.0191
ESTIVA GERBI,-22.2713,-46.9481
ESTREITO,-6.56077,-47.4431
ESTRELA,-29.5002,-51.9495
ESTRELA D'OESTE,-20.2875,-50.4049
ESTRELA DALVA,-21.7412,-42.4574
ESTRELA DE ALAGOAS,-9.39089,-36.7644
ESTRELA DO INDAIÁ,-19.5169,-45.7859
ESTRELA DO NORTE,-13.8665,-49.0716
ESTRELA DO NORTE,-22.4859,-51.6632
ESTRELA DO SUL,-18.7399,-47.6956
ESTRELA VELHA,-29.1713,-53.1639
EUCLIDES DA CUNHA,-10.5078,-39.0153
EUCLIDES DA CUNHA PAULISTA,-22.5545,-52.5928
EUGÊNIO DE CASTRO,-28.5315,-54.1506
EUGENÓPOLIS,-21.1002,-42.1878
EUNÁPOLIS,-16.3715,-39.5821
EUSÉBIO,-3.8925,-38.4559
EWBANK DA CÂMARA,-21.5498,-43.5068
EXTREMA,-22.854,-46.3178
EXTREMOZ,-5.70143,-35.3048
EXU,-7.50364,-39.7238
FAGUNDES,-7.34454,-35.7931
FAGUNDES VARELA,-28.8794,-51.7014
FAINA,-15.4473,-50.3622
FAMA,-21.4089,-45.8286
FARIA LEMOS,-20.8097,-42.0213
FARIAS BRITO,-6.92146,-39.5651
FARO,-2.16805,-56.7405
FAROL,-24.0958,-52.6217
FARROUPILHA,-29.2227,-51.3419
FARTURA,-23.3916,-49.5124
FARTURA DO PIAUÍ,-9.48342,-42.7912
FÁTIMA,-10.7603,-48.9076
FÁTIMA,-10.616,-38.2239
FÁTIMA DO SUL,-22.3789,-54.5131
FAXINAL,-24.0077,-51.3227
FAXINAL DO SOTURNO,-29.5788,-53.4484
FAXINAL DOS GUEDES,-26.8451,-52.2596
FAXINALZINHO,-27.4238,-52.6789
FAZENDA NOVA,-16.1834,-50.7781
FAZENDA RIO GRANDE,-25.6624,-49.3073
FAZENDA VILANOVA,-29.5885,-51.8217
FEIJÓ,-8.17054,-70.351
FEIRA DA MATA,-14.2044,-44.2744
FEIRA DE SANTANA,-12.2664,-38.9663
FEIRA GRANDE,-9.89859,-36.6815
FEIRA NOVA,-7.94704,-35.3801
FEIRA NOVA,-10.2616,-37.3147
FEIRA NOVA DO MARANHÃO,-6.96508,-46.6786
FELÍCIO DOS SANTOS,-18.0755,-43.2422
FELIPE GUERRA,-5.59274,-37.6875
FELISBURGO,-16.6348,-40.7605
FELIXLÂNDIA,-18.7507,-44.9004
FELIZ,-29.4527,-51.3032
FELIZ DESERTO,-10.2935,-36.3028
FELIZ NATAL,-12.385,-54.9227
FÊNIX,-23.9135,-51.9805
FERNANDES PINHEIRO,-25.4107,-50.5456
FERNANDES TOURINHO,-19.1541,-42.0803
FERNANDO DE NORONHA,-3.8396,-32.4107
FERNANDO FALCÃO,-6.16207,-44.8979
FERNANDO PEDROZA,-5.69096,-36.5282
FERNANDO PRESTES,-21.2661,-48.6874
FERNANDÓPOLIS,-20.2806,-50.2471
FERNÃO,-22.3607,-49.5187
FERRAZ DE VASCONCELOS,-23.5411,-46.371
FERREIRA GOMES,0.857256,-51.1795
FERREIROS,-7.44666,-35.2373
FERROS,-19.2343,-43.0192
FERVEDOURO,-20.726,-42.279
FIGUEIRA,-23.8455,-50.4031
FIGUEIRÃO,-18.6782,-53.638
FIGUEIRÓPOLIS,-12.1312,-49.1748
FIGUEIRÓPOLIS D'OESTE,-15.4439,-58.7391
FILADÉLFIA,-7.33501,-47.4954
FILADÉLFIA,-10.7405,-40.1437
FIRMINO ALVES,-14.9823,-39.9269
FIRMINÓPOLIS,-16.5778,-50.304
FLEXEIRAS,-9.27281,-35.7139
FLOR DA SERRA DO SUL,-26.2523,-53.3092
FLOR DO SERTÃO,-26.7811,-53.3505
FLORA RICA,-21.6727,-51.3821
FLORAÍ,-23.3178,-52.3029
FLORÂNIA,-6.12264,-36.8226
FLOREAL,-20.6752,-50.1513
FLORES,-7.85842,-37.9715
FLORES DA CUNHA,-29.0261,-51.1875
FLORES DE GOIÁS,-14.4451,-47.0417
FLORES DO PIAUÍ,-7.78793,-42.918
FLORESTA,-23.6031,-52.0807
FLORESTA,-8.60307,-38.5687
FLORESTA AZUL,-14.8629,-39.6579
FLORESTA DO ARAGUAIA,-7.55335,-49.7125
FLORESTA DO PIAUÍ,-7.46682,-41.7883
FLORESTAL,-19.888,-44.4318
FLORESTÓPOLIS,-22.8623,-51.3882
FLORIANO,-6.77182,-43.0241
FLORIANO PEIXOTO,-27.8614,-52.0838
FLORIANÓPOLIS,-27.5945,-48.5477
FLÓRIDA,-23.0847,-51.9546
FLÓRIDA PAULISTA,-21.6127,-51.1724
FLORÍNIA,-22.868,-50.6814
FONTE BOA,-2.52342,-66.0942
FONTOURA XAVIER,-28.9817,-52.3445
FORMIGA,-20.4618,-45.4268
FORMIGUEIRO,-30.0035,-53.4959
FORMOSA,-15.54,-47.337
FORMOSA DA SERRA NEGRA,-6.44017,-46.1916
FORMOSA DO OESTE,-24.2951,-53.3114
FORMOSA DO RIO PRETO,-11.0328,-45.193
FORMOSA DO SUL,-26.6453,-52.7946
FORMOSO,-13.6499,-48.8775
FORMOSO,-14.9446,-46.2371
FORMOSO DO ARAGUAIA,-11.7976,-49.5316
FORQUETINHA,-29.3828,-52.0981
FORQUILHA,-3.79945,-40.2634
FORQUILHINHA,-28.7454,-49.4785
FORTALEZA,-3.71664,-38.5423
FORTALEZA DE MINAS,-20.8508,-46.712
FORTALEZA DO TABOCÃO,-9.05611,-48.5206
FORTALEZA DOS NOGUEIRAS,-6.95983,-46.1749
FORTALEZA DOS VALOS,-28.7986,-53.2249
FORTIM,-4.45126,-37.7981
FORTUNA,-5.72792,-44.1565
FORTUNA DE MINAS,-19.5578,-44.4472
FOZ DO IGUAÇU,-25.5427,-54.5827
FOZ DO JORDÃO,-25.7371,-52.1188
FRAIBURGO,-27.0233,-50.92
FRANCA,-20.5352,-47.4039
FRANCINÓPOLIS,-6.39334,-42.2591
FRANCISCO ALVES,-24.0667,-53.8461
FRANCISCO AYRES,-6.62606,-42.6881
FRANCISCO BADARÓ,-16.9883,-42.3568
FRANCISCO BELTRÃO,-26.0817,-53.0535
FRANCISCO DANTAS,-6.07234,-38.1212
FRANCISCO DUMONT,-17.3107,-44.2317
FRANCISCO MACEDO,-7.331,-40.788
FRANCISCO MORATO,-23.2792,-46.7448
FRANCISCO SÁ,-16.4827,-43.4896
FRANCISCO SANTOS,-6.99491,-41.1288
FRANCISCÓPOLIS,-17.9578,-42.0094
FRANCO DA ROCHA,-23.3229,-46.729
FRECHEIRINHA,-3.75557,-40.818
FREDERICO WESTPHALEN,-27.3586,-53.3958
FREI GASPAR,-18.0709,-41.4325
FREI INOCÊNCIO,-18.5556,-41.9121
FREI LAGONEGRO,-18.1751,-42.7617
FREI MARTINHO,-6.39759,-36.4526
FREI MIGUELINHO,-7.93918,-35.9113
FREI PAULO,-10.5513,-37.5279
FREI ROGÉRIO,-27.175,-50.8076
FRONTEIRA,-20.2748,-49.1984
FRONTEIRA DOS VALES,-16.8898,-40.923
FRONTEIRAS,-7.08173,-40.6146
FRUTA DE LEITE,-16.1225,-42.5288
FRUTAL,-20.0259,-48.9355
FRUTUOSO GOMES,-6.15669,-37.8375
FUNDÃO,-19.937,-40.4078
FUNILÂNDIA,-19.3661,-44.061
GABRIEL MONTEIRO,-21.5294,-50.5573
GADO BRAVO,-7.58279,-35.7899
GÁLIA,-22.2918,-49.5504
GALILÉIA,-19.0005,-41.5387
GALINHOS,-5.0909,-36.2754
GALVÃO,-26.4549,-52.6875
GAMELEIRA,-8.5798,-35.3846
GAMELEIRA DE GOIÁS,-16.4854,-48.6454
GAMELEIRAS,-15.0829,-43.125
GANDU,-13.7441,-39.4747
GARANHUNS,-8.88243,-36.4966
GARARU,-9.9722,-37.0869
GARÇA,-22.2125,-49.6546
GARIBALDI,-29.259,-51.5352
GAROPABA,-28.0275,-48.6192
GARRAFÃO DO NORTE,-1.92986,-47.0505
GARRUCHOS,-28.1944,-55.6383
GARUVA,-26.0292,-48.852
GASPAR,-26.9336,-48.9534
GASTÃO VIDIGAL,-20.7948,-50.1912
GAÚCHA DO NORTE,-13.2443,-53.0809
GAURAMA,-27.5856,-52.0915
GAVIÃO,-11.4688,-39.7757
GAVIÃO PEIXOTO,-21.8367,-48.4957
GEMINIANO,-7.15476,-41.3409
GENERAL CÂMARA,-29.9032,-51.7612
GENERAL CARNEIRO,-15.7094,-52.7574
GENERAL CARNEIRO,-26.425,-51.3172
GENERAL MAYNARD,-10.6835,-36.9838
GENERAL SALGADO,-20.6485,-50.364
GENERAL SAMPAIO,-4.04351,-39.454
GENTIL,-28.4316,-52.0337
GENTIO DO OURO,-11.4342,-42.5077
GETULINA,-21.7961,-49.9312
GETÚLIO VARGAS,-27.8911,-52.2294
GILBUÉS,-9.83001,-45.3423
GIRAU DO PONCIANO,-9.88404,-36.8316
GIRUÁ,-28.0297,-54.3517
GLAUCILÂNDIA,-16.8481,-43.692
GLICÉRIO,-21.3812,-50.2123
GLÓRIA,-9.34382,-38.2544
GLÓRIA D'OESTE,-15.768,-58.3108
GLÓRIA DE DOURADOS,-22.4136,-54.2335
GLÓRIA DO GOITÁ,-8.00568,-35.2904
GLORINHA,-29.8798,-50.7734
GODOFREDO VIANA,-1.40259,-45.7795
GODOY MOREIRA,-24.173,-51.9246
GOIABEIRA,-18.9807,-41.2235
GOIANÁ,-21.536,-43.1957
GOIANA,-7.5606,-34.9959
GOIANÁPOLIS,-16.5098,-49.0234
GOIANDIRA,-18.1352,-48.0875
GOIANÉSIA,-15.3118,-49.1162
GOIANÉSIA DO PARÁ,-3.84338,-49.0974
GOIÂNIA,-16.6864,-49.2643
GOIANINHA,-6.26486,-35.1943
GOIANIRA,-16.4947,-49.427
GOIANORTE,-8.77413,-48.9313
GOIÁS,-15.9333,-50.14
GOIATINS,-7.71478,-47.3252
GOIATUBA,-18.0105,-49.3658
GOIOERÊ,-24.1835,-53.0248
GOIOXIM,-25.1927,-51.9911
GONÇALVES,-22.6545,-45.8556
GONÇALVES DIAS,-5.1475,-44.3013
GONGOGI,-14.3195,-39.469
GONZAGA,-18.8196,-42.4769
GOUVEIA,-18.4519,-43.7423
GOUVELÂNDIA,-18.6238,-50.0805
GOVERNADOR ARCHER,-5.02078,-44.2754
GOVERNADOR CELSO RAMOS,-27.3172,-48.5576
GOVERNADOR DIX-SEPT ROSADO,-5.44887,-37.5183
GOVERNADOR EDISON LOBÃO,-5.74973,-47.3646
GOVERNADOR EUGÊNIO BARROS,-5.31897,-44.2469
GOVERNADOR JORGE TEIXEIRA,-10.61,-62.7371
GOVERNADOR LINDENBERG,-19.1864,-40.4473
GOVERNADOR LUIZ ROCHA,-5.47835,-44.0774
GOVERNADOR MANGABEIRA,-12.5994,-39.0412
GOVERNADOR NEWTON BELLO,-3.43245,-45.6619
GOVERNADOR NUNES FREIRE,-2.12899,-45.8777
GOVERNADOR VALADARES,-18.8545,-41.9555
GRAÇA,-4.04422,-40.749
GRAÇA ARANHA,-5.40547,-44.3358
GRACHO CARDOSO,-10.2252,-37.2006
GRAJAÚ,-5.81367,-46.1462
GRAMADO,-29.3734,-50.8762
GRAMADO DOS LOUREIROS,-27.4429,-52.9149
GRAMADO XAVIER,-29.2706,-52.5795
GRANDES RIOS,-24.1466,-51.5094
GRANITO,-7.70711,-39.615
GRANJA,-3.12788,-40.8372
GRANJEIRO,-6.88134,-39.2144
GRÃO MOGOL,-16.5662,-42.8923
GRÃO PARÁ,-28.1809,-49.2252
GRAVATÁ,-8.21118,-35.5675
GRAVATAÍ,-29.9413,-50.9869
GRAVATAL,-28.3208,-49.0427
GROAÍRAS,-3.91787,-40.3852
GROSSOS,-4.98068,-37.1621
GRUPIARA,-18.5003,-47.7318
GUABIJU,-28.5421,-51.6948
GUABIRUBA,-27.0808,-48.9804
GUAÇUÍ,-20.7668,-41.6734
GUADALUPE,-6.78285,-43.5594
GUAÍBA,-30.1086,-51.3233
GUAIÇARA,-21.6195,-49.8013
GUAIMBÊ,-21.9091,-49.8986
GUAÍRA,-20.3196,-48.312
GUAÍRA,-24.085,-54.2573
GUAIRAÇÁ,-22.932,-52.6906
GUAIÚBA,-4.04057,-38.6404
GUAJARÁ,-7.53797,-72.5907
GUAJARÁ-MIRIM,-10.7889,-65.3296
GUAJERU,-14.5467,-41.9381
GUAMARÉ,-5.10619,-36.3222
GUAMIRANGA,-25.1912,-50.8021
GUANAMBI,-14.2231,-42.7799
GUANHÃES,-18.7713,-42.9312
GUAPÉ,-20.7631,-45.9152
GUAPIAÇU,-20.7959,-49.2172
GUAPIARA,-24.1892,-48.5295
GUAPIMIRIM,-22.5347,-42.9895
GUAPIRAMA,-23.5203,-50.0407
GUAPÓ,-16.8297,-49.5345
GUAPORÉ,-28.8399,-51.8895
GUAPOREMA,-23.3402,-52.7786
GUARÁ,-20.4302,-47.8236
GUARABIRA,-6.85064,-35.485
GUARAÇAÍ,-21.0292,-51.2119
GUARACI,-20.4977,-48.9391
GUARACI,-22.9694,-51.6504
GUARACIABA,-20.5716,-43.0094
GUARACIABA,-26.6042,-53.5243
GUARACIABA DO NORTE,-4.15814,-40.7476
GUARACIAMA,-17.0142,-43.6675
GUARAÍ,-8.83543,-48.5114
GUARAÍTA,-15.6121,-50.0265
GUARAMIRANGA,-4.26248,-38.932
GUARAMIRIM,-26.4688,-49.0026
GUARANÉSIA,-21.3009,-46.7964
GUARANI,-21.3563,-43.0328
GUARANI D'OESTE,-20.0746,-50.3411
GUARANI DAS MISSÕES,-28.1491,-54.5629
GUARANI DE GOIÁS,-13.9421,-46.4868
GUARANIAÇU,-25.0968,-52.8755
GUARANTÃ,-21.8942,-49.5914
GUARANTÃ DO NORTE,-9.96218,-54.9121
GUARAPARI,-20.6772,-40.5093
GUARAPUAVA,-25.3902,-51.4623
GUARAQUEÇABA,-25.3071,-48.3204
GUARARÁ,-21.7304,-43.0334
GUARARAPES,-21.2544,-50.6453
GUARAREMA,-23.4112,-46.0369
GUARATINGA,-16.5833,-39.7847
GUARATINGUETÁ,-22.8075,-45.1938
GUARATUBA,-25.8817,-48.5752
GUARDA-MOR,-17.7673,-47.0998
GUAREÍ,-23.3714,-48.1837
GUARIBA,-21.3594,-48.2316
GUARIBAS,-9.38647,-43.6943
GUARINOS,-14.7292,-49.7006
GUARUJÁ,-23.9888,-46.258
GUARUJÁ DO SUL,-26.3858,-53.5296
GUARULHOS,-23.4538,-46.5333
GUATAMBÚ,-27.1341,-52.7887
GUATAPARÁ,-21.4944,-48.0356
GUAXUPÉ,-21.305,-46.7081
GUIA LOPES DA LAGUNA,-21.4583,-56.1117
GUIDOVAL,-21.155,-42.7887
GUIMARÃES,-2.12755,-44.602
GUIMARÂNIA,-18.8425,-46.7901
GUIRATINGA,-16.346,-53.7575
GUIRICEMA,-21.0098,-42.7207
GURINHATÃ,-19.2143,-49.7876
GURINHÉM,-7.1233,-35.4222
GURJÃO,-7.24833,-36.4923
GURUPÁ,-1.41412,-51.6338
GURUPI,-11.7279,-49.068
GUZOLÂNDIA,-20.6467,-50.6645
HARMONIA,-29.5456,-51.4185
HEITORAÍ,-15.719,-49.8268
HELIODORA,-22.0644,-45.5453
HELIÓPOLIS,-10.6825,-38.2907
HERCULÂNDIA,-22.0038,-50.3907
HERVAL,-32.024,-53.3944
HERVAL D'OESTE,-27.1903,-51.4917
HERVEIRAS,-29.4552,-52.6553
HIDROLÂNDIA,-16.9626,-49.2265
HIDROLÂNDIA,-4.40958,-40.4056
HIDROLINA,-14.7261,-49.4634
HOLAMBRA,-22.6405,-47.0487
HONÓRIO SERPA,-26.139,-52.3848
HORIZONTE,-4.1209,-38.4707
HORIZONTINA,-27.6282,-54.3053
HORTOLÂNDIA,-22.8529,-47.2143
HUGO NAPOLEÃO,-5.9886,-42.5598
HULHA NEGRA,-31.4067,-53.8667
HUMAITÁ,-27.5691,-53.9695
HUMAITÁ,-7.51171,-63.0327
HUMBERTO DE CAMPOS,-2.59828,-43.4649
IACANGA,-21.8896,-49.031
IACIARA,-14.1011,-46.6335
IACRI,-21.8572,-50.6932
IAÇU,-12.7666,-40.2056
IAPU,-19.4387,-42.2147
IARAS,-22.8682,-49.1634
IATI,-9.04559,-36.8498
IBAITI,-23.8478,-50.1932
IBARAMA,-29.4203,-53.1295
IBARETAMA,-4.80376,-38.7501
IBATÉ,-21.9584,-47.9882
IBATEGUARA,-8.97823,-35.9373
IBATIBA,-20.2347,-41.5087
IBEMA,-25.1193,-53.0072
IBERTIOGA,-21.433,-43.9639
IBIÁ,-19.4749,-46.5474
IBIAÇÁ,-28.0566,-51.8599
IBIAÍ,-16.8591,-44.9046
IBIAM,-27.1847,-51.2352
IBIAPINA,-3.92403,-40.8911
IBIARA,-7.47957,-38.4059
IBIASSUCÊ,-14.2711,-42.257
IBICARAÍ,-14.8579,-39.5914
IBICARÉ,-27.0881,-51.3681
IBICOARA,-13.4059,-41.284
IBICUÍ,-14.845,-39.9879
IBICUITINGA,-4.96999,-38.6362
IBIMIRIM,-8.54026,-37.7032
IBIPEBA,-11.6438,-42.0195
IBIPITANGA,-12.8804,-42.4856
IBIPORÃ,-23.2659,-51.0522
IBIQUERA,-12.6444,-40.9338
IBIRÁ,-21.083,-49.2448
IBIRACATU,-15.6605,-44.1667
IBIRACI,-20.4611,-47.1222
IBIRAÇU,-19.8366,-40.3732
IBIRAIARAS,-28.3741,-51.6377
IBIRAJUBA,-8.57633,-36.1812
IBIRAMA,-27.0547,-49.5193
IBIRAPITANGA,-14.1649,-39.3787
IBIRAPUÃ,-17.6832,-40.1129
IBIRAPUITÃ,-28.6247,-52.5158
IBIRAREMA,-22.8185,-50.0739
IBIRATAIA,-14.0643,-39.6459
IBIRITÉ,-20.0252,-44.0569
IBIRUBÁ,-28.6302,-53.0961
IBITIARA,-12.6502,-42.2179
IBITINGA,-21.7562,-48.8319
IBITIRAMA,-20.5466,-41.6667
IBITITÁ,-11.5414,-41.9748
IBITIÚRA DE MINAS,-22.0604,-46.4368
IBITURUNA,-21.1541,-44.7479
IBIÚNA,-23.6596,-47.223
IBOTIRAMA,-12.1779,-43.2167
ICAPUÍ,-4.71206,-37.3531
IÇARA,-28.7132,-49.3087
ICARAÍ DE MINAS,-16.214,-44.9034
ICARAÍMA,-23.3944,-53.615
ICATU,-2.77206,-44.0501
ICÉM,-20.3391,-49.1915
ICHU,-11.7431,-39.1905
ICÓ,-6.39627,-38.8554
ICONHA,-20.7913,-40.8132
IELMO MARINHO,-5.82447,-35.55
IEPÊ,-22.6602,-51.0779
IGACI,-9.53768,-36.6372
IGAPORÃ,-13.774,-42.7155
IGARAÇU DO TIETÊ,-22.509,-48.5597
IGARACY,-7.17184,-38.1478
IGARAPAVA,-20.0407,-47.7466
IGARAPÉ,-20.0707,-44.2994
IGARAPÉ DO MEIO,-3.65771,-45.2114
IGARAPÉ GRANDE,-4.6625,-44.8558
IGARAPÉ-AÇU,-1.12539,-47.626
IGARAPÉ-MIRI,-1.97533,-48.9575
IGARASSU,-7.82881,-34.9013
IGARATÁ,-23.2037,-46.157
IGARATINGA,-19.9476,-44.7063
IGRAPIÚNA,-13.8295,-39.1361
IGREJA NOVA,-10.1235,-36.6597
IGREJINHA,-29.5693,-50.7919
IGUABA GRANDE,-22.8495,-42.2299
IGUAÍ,-14.7528,-40.0894
IGUAPE,-24.699,-47.5537
IGUARAÇU,-23.1949,-51.8256
IGUARACY,-7.83222,-37.5082
IGUATAMA,-20.1776,-45.7111
IGUATEMI,-23.6736,-54.5637
IGUATU,-6.36281,-39.2892
IGUATU,-24.7153,-53.0827
IJACI,-21.1738,-44.9233
IJUÍ,-28.388,-53.92
ILHA COMPRIDA,-24.7307,-47.5383
ILHA DAS FLORES,-10.4425,-36.5479
ILHA DE ITAMARACÁ,-7.74766,-34.8303
ILHA GRANDE,-2.85774,-41.8186
ILHA SOLTEIRA,-20.4326,-51.3426
ILHABELA,-23.7785,-45.3552
ILHÉUS,-14.793,-39.046
ILHOTA,-26.9023,-48.8251
ILICÍNEA,-20.9402,-45.8308
ILÓPOLIS,-28.9282,-52.1258
IMACULADA,-7.3889,-37.5079
IMARUÍ,-28.3339,-48.817
IMBAÚ,-24.448,-50.7533
IMBÉ,-29.9753,-50.1281
IMBÉ DE MINAS,-19.6017,-41.9695
IMBITUBA,-28.2284,-48.6659
IMBITUVA,-25.2285,-50.5989
IMBUIA,-27.4908,-49.4218
IMIGRANTE,-29.3508,-51.7748
IMPERATRIZ,-5.51847,-47.4777
INÁCIO MARTINS,-25.5704,-51.0769
INACIOLÂNDIA,-18.4869,-49.9888
INAJÁ,-8.90206,-37.8351
INAJÁ,-22.7509,-52.1995
INCONFIDENTES,-22.3136,-46.3264
INDAIABIRA,-15.4911,-42.2005
INDAIAL,-26.8992,-49.2354
INDAIATUBA,-23.0816,-47.2101
INDEPENDÊNCIA,-27.8354,-54.1886
INDEPENDÊNCIA,-5.38789,-40.3085
INDIANA,-22.1738,-51.2555
INDIANÓPOLIS,-23.4762,-52.6989
INDIANÓPOLIS,-19.0341,-47.9155
INDIAPORÃ,-19.979,-50.2909
INDIARA,-17.1387,-49.9862
INDIAROBA,-11.5157,-37.515
INDIAVAÍ,-15.4921,-58.5802
INGÁ,-7.28144,-35.605
INGAÍ,-21.4024,-44.9152
INGAZEIRA,-7.66909,-37.4576
INHACORÁ,-27.8752,-54.015
INHAMBUPE,-11.781,-38.355
INHANGAPI,-1.4349,-47.9114
INHAPI,-9.22594,-37.7509
INHAPIM,-19.5476,-42.1147
INHAÚMA,-19.4898,-44.3934
INHUMA,-6.665,-41.7041
INHUMAS,-16.3611,-49.5001
INIMUTABA,-18.7271,-44.3584
INOCÊNCIA,-19.7277,-51.9281
INÚBIA PAULISTA,-21.7695,-50.9633
IOMERÊ,-27.0019,-51.2442
IPABA,-19.4158,-42.4139
IPAMERI,-17.7215,-48.1581
IPANEMA,-19.7992,-41.7164
IPANGUAÇU,-5.48984,-36.8501
IPAPORANGA,-4.89764,-40.7537
IPATINGA,-19.4703,-42.5476
IPAUMIRIM,-6.78265,-38.7179
IPAUSSU,-23.0575,-49.6279
IPÊ,-28.8171,-51.2859
IPECAETÁ,-12.3028,-39.3069
IPERÓ,-23.3513,-47.6927
IPEÚNA,-22.4355,-47.7151
IPIAÇU,-18.6927,-49.9436
IPIAÚ,-14.1226,-39.7353
IPIGUÁ,-20.6557,-49.3842
IPIRÁ,-12.1561,-39.7359
IPIRA,-27.4038,-51.7758
IPIRANGA,-25.0238,-50.5794
IPIRANGA DE GOIÁS,-15.1689,-49.6695
IPIRANGA DO NORTE,-12.2408,-56.1531
IPIRANGA DO PIAUÍ,-6.82421,-41.7381
IPIRANGA DO SUL,-27.9404,-52.4271
IPIXUNA,-7.04791,-71.6934
IPIXUNA DO PARÁ,-2.55992,-47.5059
IPOJUCA,-8.39303,-35.0609
IPORÃ,-24.0083,-53.706
IPORÁ,-16.4398,-51.118
IPORÃ DO OESTE,-26.9854,-53.5355
IPORANGA,-24.5847,-48.5971
IPU,-4.31748,-40.7059
IPUÃ,-20.4438,-48.0129
IPUAÇU,-26.635,-52.4556
IPUBI,-7.64505,-40.1476
IPUEIRA,-6.80596,-37.2045
IPUEIRAS,-11.2329,-48.46
IPUEIRAS,-4.53802,-40.7118
IPUIÚNA,-22.1013,-46.1915
IPUMIRIM,-27.0772,-52.1289
IPUPIARA,-11.8219,-42.6179
IRACEMA,2.18305,-61.0415
IRACEMA,-5.8124,-38.2919
IRACEMA DO OESTE,-24.4262,-53.3528
IRACEMÁPOLIS,-22.5832,-47.523
IRACEMINHA,-26.8215,-53.2767
IRAÍ,-27.1951,-53.2543
IRAÍ DE MINAS,-18.9819,-47.461
IRAJUBA,-13.2563,-40.0848
IRAMAIA,-13.2902,-40.9595
IRANDUBA,-3.27479,-60.19
IRANI,-27.0287,-51.9012
IRAPUÃ,-21.2768,-49.4164
IRAPURU,-21.5684,-51.3472
IRAQUARA,-12.2429,-41.6155
IRARÁ,-12.0504,-38.7631
IRATI,-25.4697,-50.6493
IRATI,-26.6539,-52.8955
IRAUÇUBA,-3.74737,-39.7843
IRECÊ,-11.3033,-41.8535
IRETAMA,-24.4253,-52.1012
IRINEÓPOLIS,-26.242,-50.7957
IRITUIA,-1.76984,-47.446
IRUPI,-20.3501,-41.6444
ISAÍAS COELHO,-7.73597,-41.6735
ISRAELÂNDIA,-16.3144,-50.9087
ITÁ,-27.2907,-52.3212
ITAARA,-29.6013,-53.7725
ITABAIANA,-7.33167,-35.3317
ITABAIANA,-10.6826,-37.4273
ITABAIANINHA,-11.2693,-37.7875
ITABELA,-16.5732,-39.5593
ITABERÁ,-23.8638,-49.14
ITABERABA,-12.5242,-40.3059
ITABERAÍ,-16.0206,-49.806
ITABI,-10.1248,-37.1056
ITABIRA,-19.6239,-43.2312
ITABIRINHA,-18.5712,-41.234
ITABIRITO,-20.2501,-43.8038
ITABORAÍ,-22.7565,-42.8639
ITABUNA,-14.7876,-39.2781
ITACAJÁ,-8.39293,-47.7726
ITACAMBIRA,-17.0625,-43.3069
ITACARAMBI,-15.089,-44.095
ITACARÉ,-14.2784,-38.9959
ITACOATIARA,-3.13861,-58.4449
ITACURUBA,-8.82231,-38.6975
ITACURUBI,-28.7913,-55.2447
ITAETÉ,-12.9831,-40.9677
ITAGI,-14.1615,-40.0131
ITAGIBÁ,-14.2782,-39.8449
ITAGIMIRIM,-16.0819,-39.6133
ITAGUAÇU,-19.8018,-40.8601
ITAGUAÇU DA BAHIA,-11.0147,-42.3997
ITAGUAÍ,-22.8636,-43.7798
ITAGUAJÉ,-22.6183,-51.9674
ITAGUARA,-20.3947,-44.4875
ITAGUARI,-15.918,-49.6071
ITAGUARU,-15.7565,-49.6354
ITAGUATINS,-5.77267,-47.4864
ITAÍ,-23.4213,-49.092
ITAÍBA,-8.94569,-37.4173
ITAIÇABA,-4.67146,-37.833
ITAINÓPOLIS,-7.44336,-41.4687
ITAIÓPOLIS,-26.339,-49.9092
ITAIPAVA DO GRAJAÚ,-5.14252,-45.7877
ITAIPÉ,-17.4014,-41.6697
ITAIPULÂNDIA,-25.1366,-54.3001
ITAITINGA,-3.96577,-38.5298
ITAITUBA,-4.2667,-55.9926
ITAJÁ,-5.63894,-36.8712
ITAJÁ,-19.0673,-51.5495
ITAJAÍ,-26.9101,-48.6705
ITAJOBI,-21.3123,-49.0629
ITAJU,-21.9857,-48.8116
ITAJU DO COLÔNIA,-15.1366,-39.7283
ITAJUBÁ,-22.4225,-45.4598
ITAJUÍPE,-14.6788,-39.3698
ITALVA,-21.4296,-41.7014
ITAMARAJU,-17.0378,-39.5386
ITAMARANDIBA,-17.8552,-42.8561
ITAMARATI,-6.43852,-68.2437
ITAMARATI DE MINAS,-21.4179,-42.813
ITAMARI,-13.7782,-39.683
ITAMBACURI,-18.035,-41.683
ITAMBARACÁ,-23.0181,-50.4097
ITAMBÉ,-23.6601,-51.9912
ITAMBÉ,-7.41403,-35.0963
ITAMBÉ,-15.2429,-40.63
ITAMBÉ DO MATO DENTRO,-19.4158,-43.3182
ITAMOGI,-21.0758,-47.046
ITAMONTE,-22.2859,-44.868
ITANAGRA,-12.2614,-38.0436
ITANHAÉM,-24.1736,-46.788
ITANHANDU,-22.2942,-44.9382
ITANHANGÁ,-12.2259,-56.6463
ITANHÉM,-17.1642,-40.3321
ITANHOMI,-19.1736,-41.863
ITAOBIM,-16.5571,-41.5017
ITAÓCA,-24.6393,-48.8413
ITAOCARA,-21.6748,-42.0758
ITAPACI,-14.9522,-49.5511
ITAPAGIPE,-19.9062,-49.3781
ITAPAJÉ,-3.68314,-39.5855
ITAPARICA,-12.8932,-38.68
ITAPÉ,-14.8876,-39.4239
ITAPEBI,-15.9551,-39.5329
ITAPECERICA,-20.4704,-45.127
ITAPECERICA DA SERRA,-23.7161,-46.8572
ITAPECURU MIRIM,-3.40202,-44.3508
ITAPEJARA D'OESTE,-25.9619,-52.8152
ITAPEMA,-27.0861,-48.616
ITAPEMIRIM,-21.0095,-40.8307
ITAPERUÇU,-25.2193,-49.3454
ITAPERUNA,-21.1997,-41.8799
ITAPETIM,-7.37178,-37.1863
ITAPETINGA,-15.2475,-40.2482
ITAPETININGA,-23.5886,-48.0483
ITAPEVA,-23.9788,-48.8764
ITAPEVA,-22.7665,-46.2241
ITAPEVI,-23.5488,-46.9327
ITAPICURU,-11.3088,-38.2262
ITAPIPOCA,-3.49933,-39.5836
ITAPIRA,-22.4357,-46.8224
ITAPIRANGA,-2.74081,-58.0293
ITAPIRANGA,-27.1659,-53.7166
ITAPIRAPUÃ,-15.8205,-50.6094
ITAPIRAPUÃ PAULISTA,-24.572,-49.1661
ITAPIRATINS,-8.37982,-48.1072
ITAPISSUMA,-7.76798,-34.8971
ITAPITANGA,-14.4139,-39.5657
ITAPIÚNA,-4.55516,-38.9281
ITAPOÁ,-26.1158,-48.6182
ITÁPOLIS,-21.5942,-48.8149
ITAPORÃ,-22.08,-54.7934
ITAPORÃ DO TOCANTINS,-8.57172,-48.6895
ITAPORANGA,-23.7043,-49.4819
ITAPORANGA,-7.30202,-38.1504
ITAPORANGA D'AJUDA,-10.99,-37.3078
ITAPOROROCA,-6.82374,-35.2406
ITAPUÃ DO OESTE,-9.19687,-63.1809
ITAPUCA,-28.7768,-52.1693
ITAPUÍ,-22.2324,-48.7197
ITAPURA,-20.6419,-51.5063
ITAPURANGA,-15.5606,-49.949
ITAQUAQUECETUBA,-23.4835,-46.3457
ITAQUARA,-13.4459,-39.9378
ITAQUI,-29.1311,-56.5515
ITAQUIRAÍ,-23.4779,-54.187
ITAQUITINGA,-7.66373,-35.1002
ITARANA,-19.875,-40.8753
ITARANTIM,-15.6528,-40.065
ITARARÉ,-24.1085,-49.3352
ITAREMA,-2.9248,-39.9167
ITARIRI,-24.2834,-47.1736
ITARUMÃ,-18.7646,-51.3485
ITATI,-29.4974,-50.1016
ITATIAIA,-22.4897,-44.5675
ITATIAIUÇU,-20.1983,-44.4211
ITATIBA,-23.0035,-46.8464
ITATIBA DO SUL,-27.3846,-52.4538
ITATIM,-12.7099,-39.6952
ITATINGA,-23.1047,-48.6157
ITATIRA,-4.52608,-39.6202
ITATUBA,-7.38115,-35.638
ITAÚ,-5.8363,-37.9912
ITAÚ DE MINAS,-20.7375,-46.7525
ITAÚBA,-11.0614,-55.2766
ITAUBAL,0.602185,-50.6996
ITAUÇU,-16.2029,-49.6109
ITAUEIRA,-7.59989,-43.0249
ITAÚNA,-20.0818,-44.5801
ITAÚNA DO SUL,-22.7289,-52.8874
ITAVERAVA,-20.6769,-43.6141
ITINGA,-16.61,-41.7672
ITINGA DO MARANHÃO,-4.45293,-47.5235
ITIQUIRA,-17.2147,-54.1422
ITIRAPINA,-22.2562,-47.8166
ITIRAPUÃ,-20.6416,-47.2194
ITIRUÇU,-13.529,-40.1472
ITIÚBA,-10.6948,-39.8446
ITOBI,-21.7309,-46.9743
ITORORÓ,-15.11,-40.0684
ITU,-23.2544,-47.2927
ITUAÇU,-13.8107,-41.3003
ITUBERÁ,-13.7249,-39.1481
ITUETA,-19.3999,-41.1746
ITUIUTABA,-18.9772,-49.4639
ITUMBIARA,-18.4093,-49.2158
ITUMIRIM,-21.3171,-44.8724
ITUPEVA,-23.1526,-47.0593
ITUPIRANGA,-5.13272,-49.3358
ITUPORANGA,-27.4101,-49.5963
ITURAMA,-19.7276,-50.1966
ITUTINGA,-21.3,-44.6567
ITUVERAVA,-20.3355,-47.7902
IUIÚ,-14.4054,-43.5595
IÚNA,-20.3531,-41.5334
IVAÍ,-25.0067,-50.857
IVAIPORÃ,-24.2485,-51.6754
IVATÉ,-23.4072,-53.3687
IVATUBA,-23.6187,-52.2203
IVINHEMA,-22.3046,-53.8184
IVOLÂNDIA,-16.5995,-50.7921
IVORÁ,-29.5232,-53.5842
IVOTI,-29.5995,-51.1533
JABOATÃO DOS GUARARAPES,-8.11298,-35.015
JABORÁ,-27.1782,-51.7279
JABORANDI,-13.6071,-44.4255
JABORANDI,-20.6884,-48.4112
JABOTI,-23.7435,-50.0729
JABOTICABA,-27.6347,-53.2762
JABOTICABAL,-21.252,-48.3252
JABOTICATUBAS,-19.5119,-43.7373
JAÇANÃ,-6.41856,-36.2031
JACARACI,-14.8541,-42.4329
JACARAÚ,-6.61453,-35.289
JACARÉ DOS HOMENS,-9.63545,-37.2076
JACAREACANGA,-6.21469,-57.7544
JACAREÍ,-23.2983,-45.9658
JACAREZINHO,-23.1591,-49.9739
JACI,-20.8805,-49.5797
JACIARA,-15.9548,-54.9733
JACINTO,-16.1428,-40.295
JACINTO MACHADO,-28.9961,-49.7623
JACOBINA,-11.1812,-40.5117
JACOBINA DO PIAUÍ,-7.93063,-41.2075
JACUÍ,-21.0137,-46.7359
JACUÍPE,-8.83951,-35.4591
JACUIZINHO,-29.0401,-53.0657
JACUNDÁ,-4.44617,-49.1153
JACUPIRANGA,-24.6963,-48.0064
JACUTINGA,-27.7291,-52.5372
JACUTINGA,-22.286,-46.6166
JAGUAPITÃ,-23.1104,-51.5342
JAGUAQUARA,-13.5248,-39.964
JAGUARAÇU,-19.647,-42.7498
JAGUARÃO,-32.5604,-53.377
JAGUARARI,-10.2569,-40.1999
JAGUARÉ,-18.907,-40.0759
JAGUARETAMA,-5.6051,-38.7639
JAGUARI,-29.4936,-54.703
JAGUARIAÍVA,-24.2439,-49.7066
JAGUARIBARA,-5.67765,-38.5359
JAGUARIBE,-5.90213,-38.6227
JAGUARIPE,-13.1109,-38.8939
JAGUARIÚNA,-22.7037,-46.9851
JAGUARUANA,-4.83151,-37.781
JAGUARUNA,-28.6146,-49.0296
JAÍBA,-15.3432,-43.6688
JAICÓS,-7.36229,-41.1371
JALES,-20.2672,-50.5494
JAMBEIRO,-23.2522,-45.6942
JAMPRUCA,-18.461,-41.809
JANAÚBA,-15.8022,-43.3132
JANDAIA,-17.0481,-50.1453
JANDAIA DO SUL,-23.6011,-51.6448
JANDAÍRA,-5.35211,-36.1278
JANDAÍRA,-11.5616,-37.7853
JANDIRA,-23.5275,-46.9023
JANDUÍS,-6.01474,-37.4048
JANGADA,-15.235,-56.4917
JANIÓPOLIS,-24.1401,-52.7784
JANUÁRIA,-15.4802,-44.3639
JANUÁRIO CICCO (BOA SAÚDE),-6.16566,-35.6219
JAPARAÍBA,-20.1442,-45.5015
JAPARATINGA,-9.08746,-35.2634
JAPARATUBA,-10.5849,-36.9418
JAPERI,-22.6435,-43.6602
JAPI,-6.46544,-35.9346
JAPIRA,-23.8142,-50.1422
JAPOATÃ,-10.3477,-36.8045
JAPONVAR,-15.9891,-44.2758
JAPORÃ,-23.8903,-54.4059
JAPURÁ,-23.4693,-52.5557
JAPURÁ,-1.88237,-66.9291
JAQUEIRA,-8.72618,-35.7942
JAQUIRANA,-28.8811,-50.3637
JARAGUÁ,-15.7529,-49.3344
JARAGUÁ DO SUL,-26.4851,-49.0713
JARAGUARI,-20.1386,-54.3996
JARAMATAIA,-9.66224,-37.0046
JARDIM,-7.57599,-39.2826
JARDIM,-21.4799,-56.1489
JARDIM ALEGRE,-24.1809,-51.6902
JARDIM DE ANGICOS,-5.64999,-35.9713
JARDIM DE PIRANHAS,-6.37665,-37.3496
JARDIM DO MULATO,-6.099,-42.63
JARDIM DO SERIDÓ,-6.58047,-36.7736
JARDIM OLINDA,-22.5523,-52.0503
JARDINÓPOLIS,-21.0176,-47.7606
JARDINÓPOLIS,-26.7191,-52.8625
JARI,-29.2922,-54.2237
JARINU,-23.1039,-46.728
JARU,-10.4318,-62.4788
JATAÍ,-17.8784,-51.7204
JATAIZINHO,-23.2578,-50.9777
JATAÚBA,-7.97668,-36.4943
JATEÍ,-22.4806,-54.3079
JATI,-7.6797,-39.0029
JATOBÁ,-5.82282,-44.2153
JATOBÁ,-9.17476,-38.2607
JATOBÁ DO PIAUÍ,-4.77025,-41.817
JAÚ,-22.2936,-48.5592
JAÚ DO TOCANTINS,-12.6509,-48.589
JAUPACI,-16.1773,-50.9508
JAURU,-15.3342,-58.8723
JECEABA,-20.5339,-43.9894
JENIPAPO DE MINAS,-17.0831,-42.2589
JENIPAPO DOS VIEIRAS,-5.36237,-45.6356
JEQUERI,-20.4542,-42.6651
JEQUIÁ DA PRAIA,-10.0133,-36.0142
JEQUIÉ,-13.8509,-40.0877
JEQUITAÍ,-17.229,-44.4376
JEQUITIBÁ,-19.2345,-44.0304
JEQUITINHONHA,-16.4375,-41.0117
JEREMOABO,-10.0685,-38.3471
JERICÓ,-6.54577,-37.8036
JERIQUARA,-20.3116,-47.5918
JERÔNIMO MONTEIRO,-20.7994,-41.3948
JERUMENHA,-7.09128,-43.5033
JESUÂNIA,-21.9887,-45.2911
JESUÍTAS,-24.3839,-53.3849
JESÚPOLIS,-15.9484,-49.3739
JI-PARANÁ,-10.8777,-61.9322
JIJOCA DE JERICOACOARA,-2.79331,-40.5127
JIQUIRIÇÁ,-13.2621,-39.5737
JITAÚNA,-14.0131,-39.8969
JOAÇABA,-27.1721,-51.5108
JOAÍMA,-16.6522,-41.0229
JOANÉSIA,-19.1729,-42.6775
JOANÓPOLIS,-22.927,-46.2741
JOÃO ALFREDO,-7.86565,-35.5787
JOÃO CÂMARA,-5.54094,-35.8122
JOÃO COSTA,-8.50736,-42.4264
JOÃO DIAS,-6.27215,-37.7885
JOÃO DOURADO,-11.3486,-41.6548
JOÃO LISBOA,-5.44363,-47.4064
JOÃO MONLEVADE,-19.8126,-43.1735
JOÃO NEIVA,-19.7577,-40.386
JOÃO PESSOA,-7.11509,-34.8641
JOÃO PINHEIRO,-17.7398,-46.1715
JOÃO RAMALHO,-22.2473,-50.7694
JOAQUIM FELÍCIO,-17.758,-44.1643
JOAQUIM GOMES,-9.1328,-35.7474
JOAQUIM NABUCO,-8.62281,-35.5288
JOAQUIM PIRES,-3.50164,-42.1865
JOAQUIM TÁVORA,-23.4987,-49.909
JOCA CLAUDINO,-6.48362,-38.4764
JOCA MARQUES,-3.4804,-42.4255
JÓIA,-28.6435,-54.1141
JOINVILLE,-26.3045,-48.8487
JORDÂNIA,-15.9009,-40.1841
JORDÃO,-9.1908,-71.9503
JOSÉ BOITEUX,-26.9566,-49.6286
JOSÉ BONIFÁCIO,-21.0551,-49.6892
JOSÉ DA PENHA,-6.31095,-38.2823
JOSÉ DE FREITAS,-4.75146,-42.5746
JOSÉ GONÇALVES DE MINAS,-16.9053,-42.6014
JOSÉ RAYDAN,-18.2195,-42.4946
JOSELÂNDIA,-4.98611,-44.6958
JOSENÓPOLIS,-16.5417,-42.5151
JOVIÂNIA,-17.802,-49.6197
JUARA,-11.2639,-57.5244
JUAREZ TÁVORA,-7.1713,-35.5686
JUARINA,-8.11951,-49.0643
JUATUBA,-19.9448,-44.3451
JUAZEIRINHO,-7.06092,-36.5793
JUAZEIRO,-9.41622,-40.5033
JUAZEIRO DO NORTE,-7.19621,-39.3076
JUAZEIRO DO PIAUÍ,-5.17459,-41.6976
JUCÁS,-6.51523,-39.5187
JUCATI,-8.70195,-36.4871
JUCURUÇU,-16.8488,-40.1641
JUCURUTU,-6.0306,-37.009
JUÍNA,-11.3728,-58.7483
JUIZ DE FORA,-21.7595,-43.3398
JÚLIO BORGES,-10.3225,-44.2381
JÚLIO DE CASTILHOS,-29.2299,-53.6772
JÚLIO MESQUITA,-22.0112,-49.7873
JUMIRIM,-23.0884,-47.7868
JUNCO DO MARANHÃO,-1.83888,-46.09
JUNCO DO SERIDÓ,-6.99269,-36.7166
JUNDIÁ,-6.26866,-35.3495
JUNDIÁ,-8.93297,-35.5669
JUNDIAÍ,-23.1852,-46.8974
JUNDIAÍ DO SUL,-23.4357,-50.2496
JUNQUEIRO,-9.90696,-36.4803
JUNQUEIRÓPOLIS,-21.5103,-51.4342
JUPI,-8.70904,-36.4126
JUPIÁ,-26.395,-52.7298
JUQUIÁ,-24.3101,-47.6426
JUQUITIBA,-23.9244,-47.0653
JURAMENTO,-16.8473,-43.5865
JURANDA,-24.4209,-52.8413
JUREMA,-8.70714,-36.1347
JUREMA,-9.21992,-43.1337
JURIPIRANGA,-7.36176,-35.2321
JURU,-7.52983,-37.815
JURUÁ,-3.48438,-66.0718
JURUAIA,-21.2493,-46.5735
JURUENA,-10.3178,-58.3592
JURUTI,-2.16347,-56.0889
JUSCIMEIRA,-16.0633,-54.8859
JUSSARA,-11.0431,-41.9702
JUSSARA,-15.8659,-50.8668
JUSSARA,-23.6219,-52.4693
JUSSARI,-15.192,-39.491
JUSSIAPE,-13.5155,-41.5882
JUTAÍ,-2.75814,-66.7595
JUTI,-22.8596,-54.6061
JUVENÍLIA,-14.2662,-44.1597
KALORÉ,-23.8188,-51.6687
LÁBREA,-7.26413,-64.7948
LACERDÓPOLIS,-27.2579,-51.5577
LADAINHA,-17.6279,-41.7488
LADÁRIO,-19.0089,-57.5973
LAFAIETE COUTINHO,-13.6541,-40.2119
LAGAMAR,-18.1759,-46.8063
LAGARTO,-10.9136,-37.6689
LAGES,-27.815,-50.3259
LAGO DA PEDRA,-4.56974,-45.1319
LAGO DO JUNCO,-4.609,-45.049
LAGO DOS RODRIGUES,-4.61173,-44.9798
LAGO VERDE,-3.94661,-44.826
LAGOA,-6.58572,-37.9127
LAGOA ALEGRE,-4.51539,-42.6309
LAGOA BONITA DO SUL,-29.4939,-53.017
LAGOA D'ANTA,-6.39493,-35.5949
LAGOA DA CANOA,-9.83291,-36.7413
LAGOA DA CONFUSÃO,-10.7906,-49.6199
LAGOA DA PRATA,-20.0237,-45.5401
LAGOA DE DENTRO,-6.67213,-35.3706
LAGOA DE ITAENGA,-7.93005,-35.2874
LAGOA DE PEDRAS,-6.15082,-35.4299
LAGOA DE SÃO FRANCISCO,-4.38505,-41.5969
LAGOA DE VELHOS,-6.0119,-35.8729
LAGOA DO BARRO DO PIAUÍ,-8.47673,-41.5342
LAGOA DO CARRO,-7.84383,-35.3108
LAGOA DO MATO,-6.05023,-43.5333
LAGOA DO OURO,-9.12567,-36.4584
LAGOA DO PIAUÍ,-5.41864,-42.6437
LAGOA DO SÍTIO,-6.50766,-41.5653
LAGOA DO TOCANTINS,-10.368,-47.538
LAGOA DOS GATOS,-8.6602,-35.904
LAGOA DOS PATOS,-16.978,-44.5754
LAGOA DOS TRÊS CANTOS,-28.5676,-52.8618
LAGOA DOURADA,-20.9139,-44.0797
LAGOA FORMOSA,-18.7715,-46.4012
LAGOA GRANDE,-17.8323,-46.5165
LAGOA GRANDE,-8.99452,-40.2767
LAGOA GRANDE DO MARANHÃO,-4.98893,-45.3816
LAGOA NOVA,-6.09339,-36.4703
LAGOA REAL,-14.0334,-42.1328
LAGOA SALGADA,-6.12295,-35.4724
LAGOA SANTA,-19.1832,-51.3998
LAGOA SANTA,-19.6397,-43.8932
LAGOA SECA,-7.15535,-35.8491
LAGOA VERMELHA,-28.2093,-51.5248
LAGOÃO,-29.2348,-52.7997
LAGOINHA,-23.0846,-45.1944
LAGOINHA DO PIAUÍ,-5.83074,-42.6223
LAGUNA,-28.4843,-48.7772
LAGUNA CARAPÃ,-22.5448,-55.1502
LAJE,-13.1673,-39.4213
LAJE DO MURIAÉ,-21.2091,-42.1271
LAJEADO,-9.74996,-48.3565
LAJEADO,-29.4591,-51.9644
LAJEADO DO BUGRE,-27.6913,-53.1818
LAJEADO GRANDE,-26.8576,-52.5648
LAJEADO NOVO,-6.18539,-47.0293
LAJEDÃO,-17.6056,-40.3383
LAJEDINHO,-12.3529,-40.9048
LAJEDO,-8.65791,-36.3293
LAJEDO DO TABOCAL,-13.4663,-40.2204
LAJES,-5.69322,-36.247
LAJES PINTADAS,-6.14943,-36.1171
LAJINHA,-20.1539,-41.6228
LAMARÃO,-11.773,-38.887
LAMBARI,-21.9671,-45.3498
LAMBARI D'OESTE,-15.3188,-58.0046
LAMIM,-20.79,-43.4706
LANDRI SALES,-7.25922,-43.9364
LAPA,-25.7671,-49.7168
LAPÃO,-11.3851,-41.8286
LARANJA DA TERRA,-19.8994,-41.0621
LARANJAL,-21.3715,-42.4732
LARANJAL,-24.8862,-52.47
LARANJAL DO JARI,-0.804911,-52.453
LARANJAL PAULISTA,-23.0506,-47.8375
LARANJEIRAS,-10.7981,-37.1731
LARANJEIRAS DO SUL,-25.4077,-52.4109
LASSANCE,-17.887,-44.5735
LASTRO,-6.50603,-38.1742
LAURENTINO,-27.2173,-49.7331
LAURO DE FREITAS,-12.8978,-38.321
LAURO MULLER,-28.3859,-49.4035
LAVANDEIRA,-12.7847,-46.5099
LAVÍNIA,-21.1639,-51.0412
LAVRAS,-21.248,-45.0009
LAVRAS DA MANGABEIRA,-6.7448,-38.9706
LAVRAS DO SUL,-30.8071,-53.8931
LAVRINHAS,-22.57,-44.9024
LEANDRO FERREIRA,-19.7193,-45.0279
LEBON RÉGIS,-26.928,-50.6921
LEME,-22.1809,-47.3841
LEME DO PRADO,-17.0793,-42.6936
LENÇÓIS,-12.5616,-41.3928
LENÇÓIS PAULISTA,-22.6027,-48.8037
LEOBERTO LEAL,-27.5081,-49.2789
LEOPOLDINA,-21.5296,-42.6421
LEOPOLDO DE BULHÕES,-16.619,-48.7428
LEÓPOLIS,-23.0818,-50.7511
LIBERATO SALZANO,-27.601,-53.0753
LIBERDADE,-22.0275,-44.3208
LICÍNIO DE ALMEIDA,-14.6842,-42.5095
LIDIANÓPOLIS,-24.11,-51.6506
LIMA CAMPOS,-4.51837,-44.4646
LIMA DUARTE,-21.8386,-43.7934
LIMEIRA,-22.566,-47.397
LIMEIRA DO OESTE,-19.5512,-50.5815
LIMOEIRO,-7.8726,-35.4402
LIMOEIRO DE ANADIA,-9.74098,-36.5121
LIMOEIRO DO AJURU,-1.8985,-49.3903
LIMOEIRO DO NORTE,-5.14392,-38.0847
LINDOESTE,-25.2596,-53.5733
LINDÓIA,-22.5226,-46.65
LINDÓIA DO SUL,-27.0545,-52.069
LINDOLFO COLLOR,-29.5859,-51.2141
LINHA NOVA,-29.4679,-51.2003
LINHARES,-19.3946,-40.0643
LINS,-21.6718,-49.7526
LIVRAMENTO,-7.37113,-36.9491
LIVRAMENTO DE NOSSA SENHORA,-13.6369,-41.8432
LIZARDA,-9.59002,-46.6738
LOANDA,-22.9232,-53.1362
LOBATO,-23.0058,-51.9524
LOGRADOURO,-6.61191,-35.4384
LONDRINA,-23.304,-51.1691
LONTRA,-15.9013,-44.306
LONTRAS,-27.1684,-49.535
LORENA,-22.7334,-45.1197
LORETO,-7.08111,-45.1451
LOURDES,-20.966,-50.2263
LOUVEIRA,-23.0856,-46.9484
LUCAS DO RIO VERDE,-13.0588,-55.9042
LUCÉLIA,-21.7182,-51.0215
LUCENA,-6.90258,-34.8748
LUCIANÓPOLIS,-22.4294,-49.522
LUCIARA,-11.2219,-50.6676
LUCRÉCIA,-6.10525,-37.8134
LUÍS ANTÔNIO,-21.55,-47.7801
LUÍS CORREIA,-2.88438,-41.6641
LUÍS DOMINGUES,-1.27492,-45.867
LUÍS EDUARDO MAGALHÃES,-12.0956,-45.7866
LUÍS GOMES,-6.40588,-38.3899
LUISBURGO,-20.4468,-42.0976
LUISLÂNDIA,-16.1095,-44.5886
LUIZ ALVES,-26.7151,-48.9322
LUIZIANA,-24.2853,-52.269
LUIZIÂNIA,-21.6737,-50.3294
LUMINÁRIAS,-21.5145,-44.9034
LUNARDELLI,-24.0821,-51.7368
LUPÉRCIO,-22.4146,-49.818
LUPIONÓPOLIS,-22.755,-51.6601
LUTÉCIA,-22.3384,-50.394
LUZ,-19.7911,-45.6794
LUZERNA,-27.1304,-51.4682
LUZIÂNIA,-16.253,-47.95
LUZILÂNDIA,-3.4683,-42.3718
LUZINÓPOLIS,-6.17794,-47.8582
MACAÉ,-22.3768,-41.7848
MACAÍBA,-5.85229,-35.3552
MACAJUBA,-12.1326,-40.3571
MAÇAMBARÁ,-29.1445,-56.0674
MACAMBIRA,-10.6619,-37.5413
MACAPÁ,0.034934,-51.0694
MACAPARANA,-7.55564,-35.4425
MACARANI,-15.5646,-40.4209
MACATUBA,-22.5002,-48.7102
MACAU,-5.10795,-36.6318
MACAUBAL,-20.8022,-49.9687
MACAÚBAS,-13.0186,-42.6945
MACEDÔNIA,-20.1444,-50.1973
MACEIÓ,-9.66599,-35.735
MACHACALIS,-17.0723,-40.7245
MACHADINHO,-27.5667,-51.6668
MACHADINHO D'OESTE,-9.44363,-61.9818
MACHADO,-21.6778,-45.9219
MACHADOS,-7.68827,-35.5114
MACIEIRA,-26.8552,-51.3705
MACUCO,-21.9813,-42.2533
MACURURÉ,-9.16226,-39.0518
MADALENA,-4.84601,-39.5725
MADEIRO,-3.48624,-42.4981
MADRE DE DEUS,-12.7446,-38.6153
MADRE DE DEUS DE MINAS,-21.483,-44.3287
MÃE D'ÁGUA,-7.25201,-37.4322
MÃE DO RIO,-2.05683,-47.5601
MAETINGA,-14.6623,-41.4915
MAFRA,-26.1159,-49.8086
MAGALHÃES BARATA,-0.803391,-47.6014
MAGALHÃES DE ALMEIDA,-3.39232,-42.2117
MAGDA,-20.6445,-50.2305
MAGÉ,-22.6632,-43.0315
MAIQUINIQUE,-15.624,-40.2587
MAIRI,-11.7107,-40.1437
MAIRINQUE,-23.5398,-47.185
MAIRIPORÃ,-23.3171,-46.5897
MAIRIPOTABA,-17.2975,-49.4898
MAJOR GERCINO,-27.4192,-48.9488
MAJOR ISIDORO,-9.53009,-36.992
MAJOR SALES,-6.39949,-38.324
MAJOR VIEIRA,-26.3709,-50.3266
MALACACHETA,-17.8456,-42.0769
MALHADA,-14.3371,-43.7686
MALHADA DE PEDRAS,-14.3847,-41.8842
MALHADA DOS BOIS,-10.3418,-36.9252
MALHADOR,-10.6649,-37.3004
MALLET,-25.8806,-50.8173
MALTA,-6.89719,-37.5221
MAMANGUAPE,-6.8337,-35.1213
MAMBAÍ,-14.4823,-46.1165
MAMBORÊ,-24.317,-52.5271
MAMONAS,-15.0479,-42.9469
MAMPITUBA,-29.2136,-49.9311
MANACAPURU,-3.29066,-60.6216
MANAÍRA,-7.70331,-38.1523
MANAQUIRI,-3.44078,-60.4612
MANARI,-8.9649,-37.6313
MANAUS,-3.11866,-60.0212
MÂNCIO LIMA,-7.61657,-72.8997
MANDAGUAÇU,-23.3458,-52.0944
MANDAGUARI,-23.5446,-51.671
MANDIRITUBA,-25.777,-49.3282
MANDURI,-23.0056,-49.3202
MANFRINÓPOLIS,-26.1441,-53.3113
MANGA,-14.7529,-43.9391
MANGARATIBA,-22.9594,-44.0409
MANGUEIRINHA,-25.9421,-52.1743
MANHUAÇU,-20.2572,-42.028
MANHUMIRIM,-20.3591,-41.9589
MANICORÉ,-5.80462,-61.2895
MANOEL EMÍDIO,-8.01234,-43.8755
MANOEL RIBAS,-24.5144,-51.6658
MANOEL URBANO,-8.83291,-69.2679
MANOEL VIANA,-29.5859,-55.4841
MANOEL VITORINO,-14.1476,-40.2399
MANSIDÃO,-10.7227,-44.0428
MANTENA,-18.7761,-40.9874
MANTENÓPOLIS,-18.8594,-41.124
MAQUINÉ,-29.6798,-50.2079
MAR DE ESPANHA,-21.8707,-43.0062
MAR VERMELHO,-9.44739,-36.3881
MARA ROSA,-14.0148,-49.1777
MARAÃ,-1.85313,-65.573
MARABÁ,-5.38075,-49.1327
MARABÁ PAULISTA,-22.1068,-51.9617
MARACAÇUMÉ,-2.04918,-45.9587
MARACAÍ,-22.6149,-50.6713
MARACAJÁ,-28.8463,-49.4605
MARACAJU,-21.6105,-55.1678
MARACANÃ,-0.778899,-47.452
MARACANAÚ,-3.86699,-38.6259
MARACÁS,-13.4355,-40.4323
MARAGOGI,-9.00744,-35.2267
MARAGOGIPE,-12.776,-38.9175
MARAIAL,-8.79062,-35.8266
MARAJÁ DO SENA,-4.62806,-45.4531
MARANGUAPE,-3.89143,-38.6829
MARANHÃOZINHO,-2.24078,-45.8507
MARAPANIM,-0.714702,-47.7034
MARAPOAMA,-21.2587,-49.13
MARATÁ,-29.5457,-51.5573
MARATAÍZES,-21.0398,-40.8384
MARAU,-28.4498,-52.1986
MARAÚ,-14.1035,-39.0137
MARAVILHA,-9.23045,-37.3524
MARAVILHA,-26.7665,-53.1737
MARAVILHAS,-19.5076,-44.6779
MARCAÇÃO,-6.76535,-35.0087
MARCELÂNDIA,-11.0463,-54.4377
MARCELINO RAMOS,-27.4676,-51.9095
MARCELINO VIEIRA,-6.2846,-38.1642
MARCIONÍLIO SOUZA,-13.0064,-40.5295
MARCO,-3.1285,-40.1582
MARCOLÂNDIA,-7.44169,-40.6602
MARCOS PARENTE,-7.11565,-43.8926
MARECHAL CÂNDIDO RONDON,-24.557,-54.0571
MARECHAL DEODORO,-9.70971,-35.8967
MARECHAL FLORIANO,-20.4159,-40.67
MARECHAL THAUMATURGO,-8.93898,-72.7997
MAREMA,-26.8024,-52.6264
MARI,-7.05942,-35.318
MARIA DA FÉ,-22.3044,-45.3773
MARIA HELENA,-23.6158,-53.2053
MARIALVA,-23.4843,-51.7928
MARIANA,-20.3765,-43.414
MARIANA PIMENTEL,-30.353,-51.5803
MARIANO MORO,-27.3568,-52.1467
MARIANÓPOLIS DO TOCANTINS,-9.79377,-49.6553
MARIÁPOLIS,-21.7959,-51.1824
MARIBONDO,-9.58353,-36.3045
MARICÁ,-22.9354,-42.8246
MARILAC,-18.5079,-42.0822
MARILÂNDIA,-19.4114,-40.5456
MARILÂNDIA DO SUL,-23.7425,-51.3137
MARILENA,-22.7336,-53.0402
MARÍLIA,-22.2171,-49.9501
MARILUZ,-24.0089,-53.1432
MARINGÁ,-23.4205,-51.9333
MARINÓPOLIS,-20.4389,-50.8254
MÁRIO CAMPOS,-20.0582,-44.1883
MARIÓPOLIS,-26.355,-52.5532
MARIPÁ,-24.42,-53.8286
MARIPÁ DE MINAS,-21.6979,-42.9546
MARITUBA,-1.36002,-48.3421
MARIZÓPOLIS,-6.82748,-38.3528
MARLIÉRIA,-19.7096,-42.7327
MARMELEIRO,-26.1472,-53.0267
MARMELÓPOLIS,-22.447,-45.1645
MARQUES DE SOUZA,-29.3311,-52.0973
MARQUINHO,-25.112,-52.2497
MARTINHO CAMPOS,-19.3306,-45.2434
MARTINÓPOLE,-3.2252,-40.6896
MARTINÓPOLIS,-22.1462,-51.1709
MARTINS,-6.08279,-37.908
MARTINS SOARES,-20.2546,-41.8786
MARUIM,-10.7308,-37.0856
MARUMBI,-23.7058,-51.6404
MARZAGÃO,-17.983,-48.6415
MASCOTE,-15.5542,-39.3016
MASSAPÊ,-3.52364,-40.3423
MASSAPÊ DO PIAUÍ,-7.47469,-41.1103
MASSARANDUBA,-7.18995,-35.7848
MASSARANDUBA,-26.6109,-49.0054
MATA,-29.5649,-54.4641
MATA DE SÃO JOÃO,-12.5307,-38.3009
MATA GRANDE,-9.11824,-37.7323
MATA ROMA,-3.62035,-43.1112
MATA VERDE,-15.6869,-40.7366
MATÃO,-21.6025,-48.364
MATARACA,-6.59673,-35.0531
MATEIROS,-10.5464,-46.4168
MATELÂNDIA,-25.2496,-53.9935
MATERLÂNDIA,-18.4699,-43.0579
MATEUS LEME,-19.9794,-44.4318
MATHIAS LOBATO,-18.59,-41.9166
MATIAS BARBOSA,-21.869,-43.3135
MATIAS CARDOSO,-14.8563,-43.9146
MATIAS OLÍMPIO,-3.71492,-42.5507
MATINA,-13.9109,-42.8439
MATINHA,-3.09849,-45.035
MATINHAS,-7.12486,-35.7669
MATINHOS,-25.8237,-48.549
MATIPÓ,-20.2873,-42.3401
MATO CASTELHANO,-28.28,-52.1932
MATO GROSSO,-6.54018,-37.7279
MATO LEITÃO,-29.5285,-52.1278
MATO QUEIMADO,-28.252,-54.6159
MATO RICO,-24.6995,-52.1454
MATO VERDE,-15.3944,-42.86
MATÕES,-5.51359,-43.2018
MATÕES DO NORTE,-3.6244,-44.5468
MATOS COSTA,-26.4709,-51.1501
MATOZINHOS,-19.5543,-44.0868
MATRINCHÃ,-15.4342,-50.7456
MATRIZ DE CAMARAGIBE,-9.15437,-35.5243
MATUPÁ,-10.1821,-54.9467
MATURÉIA,-7.26188,-37.351
MATUTINA,-19.2179,-45.9664
MAUÁ,-23.6677,-46.4613
MAUÁ DA SERRA,-23.8988,-51.2277
MAUÉS,-3.39289,-57.7067
MAURILÂNDIA,-17.9719,-50.3388
MAURILÂNDIA DO TOCANTINS,-5.95169,-47.5125
MAURITI,-7.38597,-38.7708
MAXARANGUAPE,-5.52181,-35.2631
MAXIMILIANO DE ALMEIDA,-27.6325,-51.802
MAZAGÃO,-0.11336,-51.2891
MEDEIROS,-19.9865,-46.2181
MEDEIROS NETO,-17.3707,-40.2238
MEDIANEIRA,-25.2977,-54.0943
MEDICILÂNDIA,-3.44637,-52.8875
MEDINA,-16.2245,-41.4728
MELEIRO,-28.8244,-49.6378
MELGAÇO,-1.8032,-50.7149
MENDES,-22.5245,-43.7312
MENDES PIMENTEL,-18.6631,-41.4052
MENDONÇA,-21.1757,-49.5791
MERCEDES,-24.4538,-54.1618
MERCÊS,-21.1976,-43.3337
MERIDIANO,-20.3579,-50.1811
MERUOCA,-3.53974,-40.4531
MESÓPOLIS,-19.9684,-50.6326
MESQUITA,-22.8028,-43.4601
MESQUITA,-19.224,-42.6079
MESSIAS,-9.39384,-35.8392
MESSIAS TARGINO,-6.07194,-37.5158
MIGUEL ALVES,-4.16857,-42.8963
MIGUEL CALMON,-11.4299,-40.6031
MIGUEL LEÃO,-5.68077,-42.7436
MIGUEL PEREIRA,-22.4572,-43.4803
MIGUELÓPOLIS,-20.1796,-48.031
MILAGRES,-7.29749,-38.9378
MILAGRES,-12.8646,-39.8611
MILAGRES DO MARANHÃO,-3.57443,-42.6131
MILHÃ,-5.67252,-39.1875
MILTON BRANDÃO,-4.68295,-41.4173
MIMOSO DE GOIÁS,-15.0515,-48.1611
MIMOSO DO SUL,-21.0628,-41.3615
MINAÇU,-13.5304,-48.2206
MINADOR DO NEGRÃO,-9.31236,-36.8696
MINAS DO LEÃO,-30.1346,-52.0423
MINAS NOVAS,-17.2156,-42.5884
MINDURI,-21.6797,-44.6051
MINEIROS,-17.5654,-52.5537
MINEIROS DO TIETÊ,-22.412,-48.451
MINISTRO ANDREAZZA,-11.196,-61.5174
MIRA ESTRELA,-19.9789,-50.139
MIRABELA,-16.256,-44.1602
MIRACATU,-24.2766,-47.4625
MIRACEMA,-21.4148,-42.1938
MIRACEMA DO TOCANTINS,-9.56556,-48.393
MIRADOR,-6.37454,-44.3683
MIRADOR,-23.255,-52.7761
MIRADOURO,-20.8899,-42.3458
MIRAGUAÍ,-27.497,-53.6891
MIRAÍ,-21.2021,-42.6122
MIRAÍMA,-3.56867,-39.9663
MIRANDA,-20.2355,-56.3746
MIRANDA DO NORTE,-3.56313,-44.5814
MIRANDIBA,-8.12113,-38.7388
MIRANDÓPOLIS,-21.1313,-51.1035
MIRANGABA,-10.961,-40.574
MIRANORTE,-9.52907,-48.5922
MIRANTE,-14.2385,-40.7718
MIRANTE DA SERRA,-11.029,-62.6696
MIRANTE DO PARANAPANEMA,-22.2904,-51.9084
MIRASELVA,-22.9657,-51.4846
MIRASSOL,-20.8169,-49.5206
MIRASSOL D'OESTE,-15.6759,-58.0951
MIRASSOLÂNDIA,-20.6179,-49.4617
MIRAVÂNIA,-14.7348,-44.4092
MIRIM DOCE,-27.197,-50.0786
MIRINZAL,-2.07094,-44.7787
MISSAL,-25.0919,-54.2477
MISSÃO VELHA,-7.23522,-39.143
MOCAJUBA,-2.5831,-49.5042
MOCOCA,-21.4647,-47.0024
MODELO,-26.7729,-53.04
MOEDA,-20.3399,-44.0509
MOEMA,-19.8387,-45.4127
MOGEIRO,-7.28517,-35.4832
MOGI DAS CRUZES,-23.5208,-46.1854
MOGI GUAÇU,-22.3675,-46.9428
MOGI MIRIM,-22.4332,-46.9532
MOIPORÁ,-16.5434,-50.739
MOITA BONITA,-10.5769,-37.3512
MOJU,-1.88993,-48.7668
MOJUÍ DOS CAMPOS,-2.6822,-54.6425
MOMBAÇA,-5.73844,-39.63
MOMBUCA,-22.9285,-47.559
MONÇÃO,-3.48125,-45.2496
MONÇÕES,-20.8509,-50.0975
MONDAÍ,-27.1008,-53.4032
MONGAGUÁ,-24.0809,-46.6265
MONJOLOS,-18.3245,-44.118
MONSENHOR GIL,-5.562,-42.6075
MONSENHOR HIPÓLITO,-6.99275,-41.026
MONSENHOR PAULO,-21.7579,-45.5391
MONSENHOR TABOSA,-4.79102,-40.0646
MONTADAS,-7.08848,-35.9592
MONTALVÂNIA,-14.4197,-44.3719
MONTANHA,-18.1303,-40.3668
MONTANHAS,-6.48522,-35.2842
MONTAURI,-28.6462,-52.0767
MONTE ALEGRE,-1.99768,-54.0724
MONTE ALEGRE,-6.07063,-35.3253
MONTE ALEGRE DE GOIÁS,-13.2552,-46.8928
MONTE ALEGRE DE MINAS,-18.869,-48.881
MONTE ALEGRE DE SERGIPE,-10.0256,-37.5616
MONTE ALEGRE DO PIAUÍ,-9.75364,-45.3037
MONTE ALEGRE DO SUL,-22.6817,-46.681
MONTE ALEGRE DOS CAMPOS,-28.6805,-50.7834
MONTE ALTO,-21.2655,-48.4971
MONTE APRAZÍVEL,-20.768,-49.7184
MONTE AZUL,-15.1514,-42.8718
MONTE AZUL PAULISTA,-20.9065,-48.6387
MONTE BELO,-21.3271,-46.3635
MONTE BELO DO SUL,-29.1607,-51.6333
MONTE CARLO,-27.2239,-50.9808
MONTE CARMELO,-18.7302,-47.4912
MONTE CASTELO,-26.461,-50.2327
MONTE CASTELO,-21.2981,-51.5679
MONTE DAS GAMELEIRAS,-6.43698,-35.7831
MONTE DO CARMO,-10.7611,-48.1114
MONTE FORMOSO,-16.8691,-41.2473
MONTE HOREBE,-7.20402,-38.5838
MONTE MOR,-22.945,-47.3122
MONTE NEGRO,-10.2458,-63.29
MONTE SANTO,-10.4374,-39.3321
MONTE SANTO DE MINAS,-21.1873,-46.9753
MONTE SANTO DO TOCANTINS,-10.0075,-48.9941
MONTE SIÃO,-22.4335,-46.573
MONTEIRO,-7.88363,-37.1184
MONTEIRO LOBATO,-22.9544,-45.8407
MONTEIRÓPOLIS,-9.60357,-37.2505
MONTENEGRO,-29.6824,-51.4679
MONTES ALTOS,-5.83067,-47.0673
MONTES CLAROS,-16.7282,-43.8578
MONTES CLAROS DE GOIÁS,-16.0059,-51.3979
MONTEZUMA,-15.1702,-42.4941
MONTIVIDIU,-17.4439,-51.1728
MONTIVIDIU DO NORTE,-13.3485,-48.6853
MORADA NOVA,-5.09736,-38.3702
MORADA NOVA DE MINAS,-18.5998,-45.3584
MORAÚJO,-3.46311,-40.6776
MOREILÂNDIA,-7.61931,-39.546
MOREIRA SALES,-24.0509,-53.0102
MORENO,-8.10871,-35.0835
MORMAÇO,-28.6968,-52.6999
MORPARÁ,-11.5569,-43.2766
MORRETES,-25.4744,-48.8345
MORRINHOS,-17.7334,-49.1059
MORRINHOS,-3.23426,-40.1233
MORRINHOS DO SUL,-29.3578,-49.9328
MORRO AGUDO,-20.7288,-48.0581
MORRO AGUDO DE GOIÁS,-15.3184,-50.0553
MORRO CABEÇA NO TEMPO,-9.71891,-43.9072
MORRO DA FUMAÇA,-28.6511,-49.2169
MORRO DA GARÇA,-18.5356,-44.601
MORRO DO CHAPÉU,-11.5488,-41.1565
MORRO DO CHAPÉU DO PIAUÍ,-3.73337,-42.3024
MORRO DO PILAR,-19.2236,-43.3795
MORRO GRANDE,-28.8006,-49.7214
MORRO REDONDO,-31.5887,-52.6261
MORRO REUTER,-29.5379,-51.0811
MORROS,-2.85379,-44.0357
MORTUGABA,-15.0225,-42.3727
MORUNGABA,-22.8811,-46.7896
MOSSÂMEDES,-16.124,-50.2136
MOSSORÓ,-5.18374,-37.3474
MOSTARDAS,-31.1054,-50.9167
MOTUCA,-21.5103,-48.1538
MOZARLÂNDIA,-14.7457,-50.5713
MUANÁ,-1.53936,-49.2224
MUCAJAÍ,2.43998,-60.9096
MUCAMBO,-3.90271,-40.7452
MUCUGÊ,-13.0053,-41.3703
MUÇUM,-29.163,-51.8714
MUCURI,-18.0754,-39.5565
MUCURICI,-18.0965,-40.52
MUITOS CAPÕES,-28.3132,-51.1836
MULITERNO,-28.3253,-51.7697
MULUNGU,-7.02525,-35.46
MULUNGU,-4.30294,-38.9951
MULUNGU DO MORRO,-11.9648,-41.6374
MUNDO NOVO,-11.8541,-40.4714
MUNDO NOVO,-23.9355,-54.281
MUNDO NOVO,-13.7729,-50.2814
MUNHOZ,-22.6092,-46.362
MUNHOZ DE MELO,-23.1487,-51.7737
MUNIZ FERREIRA,-13.0092,-39.1092
MUNIZ FREIRE,-20.4652,-41.4156
MUQUÉM DE SÃO FRANCISCO,-12.065,-43.5497
MUQUI,-20.9509,-41.346
MURIAÉ,-21.13,-42.3693
MURIBECA,-10.4271,-36.9588
MURICI,-9.30682,-35.9428
MURICI DOS PORTELAS,-3.319,-42.094
MURICILÂNDIA,-7.14669,-48.6091
MURITIBA,-12.6329,-38.9921
MURUTINGA DO SUL,-20.9908,-51.2774
MUTUÍPE,-13.2284,-39.5044
MUTUM,-19.8121,-41.4407
MUTUNÓPOLIS,-13.7303,-49.2745
MUZAMBINHO,-21.3692,-46.5213
NACIP RAYDAN,-18.4544,-42.2481
NANTES,-22.6156,-51.24
NANUQUE,-17.8481,-40.3533
NÃO-ME-TOQUE,-28.4548,-52.8182
NAQUE,-19.2291,-42.3312
NARANDIBA,-22.4057,-51.5274
NATAL,-5.79357,-35.1986
NATALÂNDIA,-16.5021,-46.4874
NATÉRCIA,-22.1158,-45.5123
NATIVIDADE,-11.7034,-47.7223
NATIVIDADE,-21.039,-41.9697
NATIVIDADE DA SERRA,-23.3707,-45.4468
NATUBA,-7.63514,-35.5586
NAVEGANTES,-26.8943,-48.6546
NAVIRAÍ,-23.0618,-54.1995
NAZARÉ,-13.0235,-39.0108
NAZARÉ,-6.37496,-47.6643
NAZARÉ DA MATA,-7.74149,-35.2193
NAZARÉ DO PIAUÍ,-6.97023,-42.6773
NAZARÉ PAULISTA,-23.1747,-46.3983
NAZARENO,-21.2168,-44.6138
NAZAREZINHO,-6.9114,-38.322
NAZÁRIA,-5.35128,-42.8153
NAZÁRIO,-16.5808,-49.8817
NEÓPOLIS,-10.3215,-36.585
NEPOMUCENO,-21.2324,-45.235
NERÓPOLIS,-16.4047,-49.2227
NEVES PAULISTA,-20.843,-49.6358
NHAMUNDÁ,-2.20793,-56.7112
NHANDEARA,-20.6945,-50.0436
NICOLAU VERGUEIRO,-28.5298,-52.4676
NILO PEÇANHA,-13.604,-39.1091
NILÓPOLIS,-22.8057,-43.4233
NINA RODRIGUES,-3.46788,-43.9134
NINHEIRA,-15.3148,-41.7564
NIOAQUE,-21.1419,-55.8296
NIPOÃ,-20.9114,-49.7833
NIQUELÂNDIA,-14.4662,-48.4599
NÍSIA FLORESTA,-6.09329,-35.1991
NITERÓI,-22.8832,-43.1034
NOBRES,-14.7192,-56.3284
NONOAI,-27.3689,-52.7756
NORDESTINA,-10.8192,-39.4297
NORMANDIA,3.8853,-59.6204
NORTELÂNDIA,-14.454,-56.7945
NOSSA SENHORA APARECIDA,-10.3944,-37.4517
NOSSA SENHORA DA GLÓRIA,-10.2158,-37.4211
NOSSA SENHORA DAS DORES,-10.4854,-37.1963
NOSSA SENHORA DAS GRAÇAS,-22.9129,-51.7978
NOSSA SENHORA DE LOURDES,-10.0772,-37.0615
NOSSA SENHORA DE NAZARÉ,-4.63019,-42.173
NOSSA SENHORA DO LIVRAMENTO,-15.772,-56.3432
NOSSA SENHORA DO SOCORRO,-10.8468,-37.1231
NOSSA SENHORA DOS REMÉDIOS,-3.97574,-42.6184
NOVA ALIANÇA,-21.0156,-49.4986
NOVA ALIANÇA DO IVAÍ,-23.1763,-52.6032
NOVA ALVORADA,-28.6822,-52.1631
NOVA ALVORADA DO SUL,-21.4657,-54.3825
NOVA AMÉRICA,-15.0206,-49.8953
NOVA AMÉRICA DA COLINA,-23.3308,-50.7168
NOVA ANDRADINA,-22.238,-53.3437
NOVA ARAÇÁ,-28.6537,-51.7458
NOVA AURORA,-24.5289,-53.2575
NOVA AURORA,-18.0597,-48.2552
NOVA BANDEIRANTES,-9.84977,-57.8139
NOVA BASSANO,-28.7291,-51.7072
NOVA BELÉM,-18.4925,-41.1107
NOVA BOA VISTA,-27.9926,-52.9784
NOVA BRASILÂNDIA,-14.9612,-54.9685
NOVA BRASILÂNDIA D'OESTE,-11.7247,-62.3127
NOVA BRÉSCIA,-29.2182,-52.0319
NOVA CAMPINA,-24.1224,-48.9022
NOVA CANAÃ,-14.7912,-40.1458
NOVA CANAÃ DO NORTE,-10.558,-55.953
NOVA CANAÃ PAULISTA,-20.3836,-50.9483
NOVA CANDELÁRIA,-27.6137,-54.1074
NOVA CANTU,-24.6723,-52.5661
NOVA CASTILHO,-20.7615,-50.3477
NOVA COLINAS,-7.12263,-46.2607
NOVA CRIXÁS,-14.0957,-50.33
NOVA CRUZ,-6.47511,-35.4286
NOVA ERA,-19.7577,-43.0333
NOVA ERECHIM,-26.8982,-52.9066
NOVA ESPERANÇA,-23.182,-52.2031
NOVA ESPERANÇA DO PIRIÁ,-2.26693,-46.9731
NOVA ESPERANÇA DO SUDOESTE,-25.9004,-53.2618
NOVA ESPERANÇA DO SUL,-29.4066,-54.8293
NOVA EUROPA,-21.7765,-48.5705
NOVA FÁTIMA,-23.4324,-50.5665
NOVA FÁTIMA,-11.6031,-39.6302
NOVA FLORESTA,-6.45056,-36.2057
NOVA FRIBURGO,-22.2932,-42.5377
NOVA GLÓRIA,-15.145,-49.5737
NOVA GRANADA,-20.5321,-49.3123
NOVA GUARITA,-10.312,-55.4061
NOVA GUATAPORANGA,-21.332,-51.6447
NOVA HARTZ,-29.5808,-50.9051
NOVA IBIÁ,-13.812,-39.6182
NOVA IGUAÇU,-22.7556,-43.4603
NOVA IGUAÇU DE GOIÁS,-14.2868,-49.3872
NOVA INDEPENDÊNCIA,-21.1026,-51.4905
NOVA IORQUE,-6.73047,-44.0471
NOVA IPIXUNA,-4.91622,-49.0822
NOVA ITABERABA,-26.9428,-52.8141
NOVA ITARANA,-13.0241,-40.0653
NOVA LACERDA,-14.4727,-59.6001
NOVA LARANJEIRAS,-25.3054,-52.5447
NOVA LIMA,-19.9758,-43.8509
NOVA LONDRINA,-22.7639,-52.9868
NOVA LUZITÂNIA,-20.856,-50.2617
NOVA MAMORÉ,-10.4077,-65.3346
NOVA MARILÂNDIA,-14.3568,-56.9696
NOVA MARINGÁ,-13.0136,-57.0908
NOVA MÓDICA,-18.4417,-41.4984
NOVA MONTE VERDE,-9.99998,-57.5261
NOVA MUTUM,-13.8374,-56.0743
NOVA NAZARÉ,-13.9486,-51.8002
NOVA ODESSA,-22.7832,-47.2941
NOVA OLÍMPIA,-23.4703,-53.0898
NOVA OLÍMPIA,-14.7889,-57.2886
NOVA OLINDA,-7.63171,-48.4252
NOVA OLINDA,-7.08415,-39.6713
NOVA OLINDA,-7.47232,-38.0382
NOVA OLINDA DO MARANHÃO,-2.84227,-45.6953
NOVA OLINDA DO NORTE,-3.90037,-59.094
NOVA PÁDUA,-29.0275,-51.3098
NOVA PALMA,-29.471,-53.4689
NOVA PALMEIRA,-6.67122,-36.422
NOVA PETRÓPOLIS,-29.3741,-51.1136
NOVA PONTE,-19.1461,-47.6779
NOVA PORTEIRINHA,-15.7993,-43.2941
NOVA PRATA,-28.7799,-51.6113
NOVA PRATA DO IGUAÇU,-25.6309,-53.3469
NOVA RAMADA,-28.0667,-53.6992
NOVA REDENÇÃO,-12.815,-41.0748
NOVA RESENDE,-21.1286,-46.4157
NOVA ROMA,-13.7388,-46.8734
NOVA ROMA DO SUL,-28.9882,-51.4095
NOVA ROSALÂNDIA,-10.5651,-48.9125
NOVA RUSSAS,-4.70581,-40.5621
NOVA SANTA BÁRBARA,-23.5865,-50.7598
NOVA SANTA HELENA,-10.8651,-55.1872
NOVA SANTA RITA,-29.8525,-51.2837
NOVA SANTA RITA,-8.09707,-42.0471
NOVA SANTA ROSA,-24.4693,-53.9552
NOVA SERRANA,-19.8713,-44.9847
NOVA SOURE,-11.2329,-38.4871
NOVA TEBAS,-24.438,-51.9454
NOVA TIMBOTEUA,-1.20874,-47.3921
NOVA TRENTO,-27.278,-48.9298
NOVA UBIRATÃ,-12.9834,-55.2556
NOVA UNIÃO,-19.6876,-43.583
NOVA UNIÃO,-10.9068,-62.5564
NOVA VENÉCIA,-18.715,-40.4053
NOVA VENEZA,-28.6338,-49.5055
NOVA VENEZA,-16.3695,-49.3168
NOVA VIÇOSA,-17.8926,-39.3743
NOVA XAVANTINA,-14.6771,-52.3502
NOVAIS,-20.9893,-48.9141
NOVO ACORDO,-9.97063,-47.6785
NOVO AIRÃO,-2.63637,-60.9434
NOVO ALEGRE,-12.9217,-46.5713
NOVO ARIPUANÃ,-5.12593,-60.3732
NOVO BARREIRO,-27.9077,-53.1103
NOVO BRASIL,-16.0313,-50.7113
NOVO CABRAIS,-29.7338,-52.9489
NOVO CRUZEIRO,-17.4654,-41.8826
NOVO GAMA,-16.0592,-48.0417
NOVO HAMBURGO,-29.6875,-51.1328
NOVO HORIZONTE,-26.4442,-52.8281
NOVO HORIZONTE,-21.4651,-49.2234
NOVO HORIZONTE,-12.8083,-42.1682
NOVO HORIZONTE DO NORTE,-11.4089,-57.3488
NOVO HORIZONTE DO OESTE,-11.6961,-61.9951
NOVO HORIZONTE DO SUL,-22.6693,-53.8601
NOVO ITACOLOMI,-23.7631,-51.5079
NOVO JARDIM,-11.826,-46.6325
NOVO LINO,-8.94191,-35.664
NOVO MACHADO,-27.5765,-54.5036
NOVO MUNDO,-9.95616,-55.2029
NOVO ORIENTE,-5.52552,-40.7713
NOVO ORIENTE DE MINAS,-17.4089,-41.2194
NOVO ORIENTE DO PIAUÍ,-6.44901,-41.9261
NOVO PLANALTO,-13.2424,-49.506
NOVO PROGRESSO,-7.14347,-55.3786
NOVO REPARTIMENTO,-4.24749,-49.9499
NOVO SANTO ANTÔNIO,-5.28749,-41.9325
NOVO SANTO ANTÔNIO,-12.2875,-50.9686
NOVO SÃO JOAQUIM,-14.9054,-53.0194
NOVO TIRADENTES,-27.5649,-53.1837
NOVO TRIUNFO,-10.3182,-38.4014
NOVO XINGU,-27.749,-53.0639
NOVORIZONTE,-16.0162,-42.4044
NUPORANGA,-20.7296,-47.7429
ÓBIDOS,-1.90107,-55.5208
OCARA,-4.48523,-38.5933
OCAUÇU,-22.438,-49.922
OEIRAS,-7.01915,-42.1283
OEIRAS DO PARÁ,-2.00358,-49.8628
OIAPOQUE,3.84074,-51.8331
OLARIA,-21.8598,-43.9356
ÓLEO,-22.9435,-49.3419
OLHO D'ÁGUA,-7.22118,-37.7406
OLHO D'ÁGUA DAS CUNHÃS,-4.13417,-45.1163
OLHO D'ÁGUA DAS FLORES,-9.53686,-37.2971
OLHO D'ÁGUA DO CASADO,-9.50357,-37.8301
OLHO D'ÁGUA DO PIAUÍ,-5.84125,-42.5594
OLHO D'ÁGUA GRANDE,-10.0572,-36.8101
OLHO-D'ÁGUA DO BORGES,-5.9486,-37.7047
OLHOS D'ÁGUA,-17.3982,-43.5719
OLÍMPIA,-20.7366,-48.9106
OLÍMPIO NORONHA,-22.0685,-45.2657
OLINDA,-8.01017,-34.8545
OLINDA NOVA DO MARANHÃO,-2.99295,-44.9897
OLINDINA,-11.3497,-38.3379
OLIVEDOS,-6.98434,-36.241
OLIVEIRA,-20.6982,-44.829
OLIVEIRA DE FÁTIMA,-10.707,-48.9086
OLIVEIRA DOS BREJINHOS,-12.3132,-42.8969
OLIVEIRA FORTES,-21.3401,-43.4499
OLIVENÇA,-9.51954,-37.1954
ONÇA DE PITANGUI,-19.7276,-44.8058
ONDA VERDE,-20.6042,-49.2929
ORATÓRIOS,-20.4298,-42.7977
ORIENTE,-22.1549,-50.0971
ORINDIÚVA,-20.1861,-49.3464
ORIXIMINÁ,-1.75989,-55.8579
ORIZÂNIA,-20.5142,-42.1991
ORIZONA,-17.0334,-48.2964
ORLÂNDIA,-20.7169,-47.8852
ORLEANS,-28.3487,-49.2986
OROBÓ,-7.74553,-35.5956
OROCÓ,-8.61026,-39.6026
ORÓS,-6.25182,-38.9053
ORTIGUEIRA,-24.2058,-50.9185
OSASCO,-23.5324,-46.7916
OSCAR BRESSANE,-22.3149,-50.2811
OSÓRIO,-29.8881,-50.2667
OSVALDO CRUZ,-21.7968,-50.8793
OTACÍLIO COSTA,-27.4789,-50.1231
OURÉM,-1.54168,-47.1126
OURIÇANGAS,-12.0175,-38.6166
OURICURI,-7.87918,-40.08
OURILÂNDIA DO NORTE,-6.7529,-51.0858
OURINHOS,-22.9797,-49.8697
OURIZONA,-23.4053,-52.1964
OURO,-27.3379,-51.6194
OURO BRANCO,-20.5263,-43.6962
OURO BRANCO,-6.6958,-36.9428
OURO BRANCO,-9.15884,-37.3556
OURO FINO,-22.2779,-46.3716
OURO PRETO,-20.3796,-43.512
OURO PRETO DO OESTE,-10.7167,-62.2565
OURO VELHO,-7.61604,-37.1519
OURO VERDE,-26.692,-52.3108
OURO VERDE,-21.4872,-51.7024
OURO VERDE DE GOIÁS,-16.2181,-49.1942
OURO VERDE DE MINAS,-18.0719,-41.2734
OURO VERDE DO OESTE,-24.7933,-53.9043
OUROESTE,-20.0061,-50.3768
OUROLÂNDIA,-10.9578,-41.0756
OUVIDOR,-18.2277,-47.8355
PACAEMBU,-21.5627,-51.2654
PACAJÁ,-3.83542,-50.6399
PACAJUS,-4.17107,-38.465
PACARAIMA,4.4799,-61.1477
PACATUBA,-3.9784,-38.6183
PACATUBA,-10.4538,-36.6531
PAÇO DO LUMIAR,-2.51657,-44.1019
PACOTI,-4.22492,-38.922
PACUJÁ,-3.98327,-40.6989
PADRE BERNARDO,-15.1605,-48.2833
PADRE CARVALHO,-16.3646,-42.5088
PADRE MARCOS,-7.35101,-40.8997
PADRE PARAÍSO,-17.0758,-41.4821
PAES LANDIM,-7.77375,-42.2474
PAI PEDRO,-15.5271,-43.07
PAIAL,-27.2541,-52.4975
PAIÇANDU,-23.4555,-52.046
PAIM FILHO,-27.7075,-51.763
PAINEIRAS,-18.8993,-45.5321
PAINEL,-27.9234,-50.0972
PAINS,-20.3705,-45.6627
PAIVA,-21.2913,-43.4088
PAJEÚ DO PIAUÍ,-7.85508,-42.8248
PALESTINA,-9.67493,-37.339
PALESTINA,-20.39,-49.4309
PALESTINA DE GOIÁS,-16.7392,-51.5309
PALESTINA DO PARÁ,-5.74027,-48.3181
PALHANO,-4.73672,-37.9655
PALHOÇA,-27.6455,-48.6697
PALMA,-21.3748,-42.3123
PALMA SOLA,-26.3471,-53.2771
PALMÁCIA,-4.13831,-38.8446
PALMARES,-8.68423,-35.589
PALMARES DO SUL,-30.2535,-50.5103
PALMARES PAULISTA,-21.0854,-48.8037
PALMAS,-26.4839,-51.9888
PALMAS,-10.24,-48.3558
PALMAS DE MONTE ALTO,-14.2676,-43.1609
PALMEIRA,-25.4257,-50.007
PALMEIRA,-27.583,-50.1577
PALMEIRA D'OESTE,-20.4148,-50.7632
PALMEIRA DAS MISSÕES,-27.9007,-53.3134
PALMEIRA DO PIAUÍ,-8.73076,-44.2466
PALMEIRA DOS ÍNDIOS,-9.40568,-36.6328
PALMEIRAIS,-5.97086,-43.056
PALMEIRÂNDIA,-2.64433,-44.8933
PALMEIRANTE,-7.84786,-47.9242
PALMEIRAS,-12.5059,-41.5809
PALMEIRAS DE GOIÁS,-16.8044,-49.924
PALMEIRAS DO TOCANTINS,-6.61658,-47.5464
PALMEIRINA,-9.0109,-36.3242
PALMEIRÓPOLIS,-13.0447,-48.4026
PALMELO,-17.3258,-48.426
PALMINÓPOLIS,-16.7924,-50.1652
PALMITAL,-22.7858,-50.218
PALMITAL,-24.8853,-52.2029
PALMITINHO,-27.3596,-53.558
PALMITOS,-27.0702,-53.1586
PALMÓPOLIS,-16.7364,-40.4296
PALOTINA,-24.2868,-53.8404
PANAMÁ,-18.1783,-49.355
PANAMBI,-28.2833,-53.5023
PANCAS,-19.2229,-40.8534
PANELAS,-8.66121,-36.0125
PANORAMA,-21.354,-51.8562
PANTANO GRANDE,-30.1902,-52.3729
PÃO DE AÇÚCAR,-9.74032,-37.4403
PAPAGAIOS,-19.4419,-44.7468
PAPANDUVA,-26.3777,-50.1419
PAQUETÁ,-7.10303,-41.7
PARÁ DE MINAS,-19.8534,-44.6114
PARACAMBI,-22.6078,-43.7108
PARACATU,-17.2252,-46.8711
PARACURU,-3.41436,-39.03
PARAGOMINAS,-3.00212,-47.3527
PARAGUAÇU,-21.5465,-45.7374
PARAGUAÇU PAULISTA,-22.4114,-50.5732
PARAÍ,-28.5964,-51.7896
PARAÍBA DO SUL,-22.1585,-43.304
PARAIBANO,-6.4264,-43.9792
PARAIBUNA,-23.3872,-45.6639
PARAIPABA,-3.43799,-39.1479
PARAÍSO,-21.0159,-48.7761
PARAÍSO,-26.62,-53.6716
PARAÍSO DAS ÁGUAS,-19.0216,-53.0116
PARAÍSO DO NORTE,-23.2824,-52.6054
PARAÍSO DO SUL,-29.6717,-53.144
PARAÍSO DO TOCANTINS,-10.175,-48.8823
PARAISÓPOLIS,-22.5539,-45.7803
PARAMBU,-6.20768,-40.6905
PARAMIRIM,-13.4388,-42.2395
PARAMOTI,-4.08815,-39.2417
PARANÃ,-12.6167,-47.8734
PARANÁ,-6.47565,-38.3057
PARANACITY,-22.9297,-52.1549
PARANAGUÁ,-25.5161,-48.5225
PARANAÍBA,-19.6746,-51.1909
PARANAIGUARA,-18.9141,-50.6539
PARANAÍTA,-9.65835,-56.4786
PARANAPANEMA,-23.3862,-48.7214
PARANAPOEMA,-22.6412,-52.0905
PARANAPUÃ,-20.1048,-50.5886
PARANATAMA,-8.91875,-36.6549
PARANATINGA,-14.4265,-54.0524
PARANAVAÍ,-23.0816,-52.4617
PARANHOS,-23.8911,-55.429
PARAOPEBA,-19.2732,-44.4044
PARAPUÃ,-21.7792,-50.7949
PARARI,-7.30975,-36.6522
PARATINGA,-12.687,-43.1798
PARATY,-23.2221,-44.7175
PARAÚ,-5.76893,-37.1032
PARAUAPEBAS,-6.06781,-49.9037
PARAÚNA,-16.9463,-50.4484
PARAZINHO,-5.22276,-35.8398
PARDINHO,-23.0841,-48.3679
PARECI NOVO,-29.6365,-51.3974
PARECIS,-12.1754,-61.6032
PARELHAS,-6.68491,-36.6566
PARICONHA,-9.25634,-37.9988
PARINTINS,-2.63741,-56.729
PARIPIRANGA,-10.6859,-37.8626
PARIPUEIRA,-9.46313,-35.552
PARIQUERA-AÇU,-24.7147,-47.8742
PARISI,-20.3034,-50.0163
PARNAGUÁ,-10.2166,-44.63
PARNAÍBA,-2.90585,-41.7754
PARNAMIRIM,-5.91116,-35.271
PARNAMIRIM,-8.08729,-39.5795
PARNARAMA,-5.67365,-43.1011
PAROBÉ,-29.6243,-50.8312
PASSA E FICA,-6.43018,-35.6442
PASSA QUATRO,-22.3871,-44.9709
PASSA SETE,-29.4577,-52.9599
PASSA TEMPO,-20.6539,-44.4926
PASSA-VINTE,-22.2097,-44.2344
PASSABÉM,-19.3509,-43.1383
PASSAGEM,-6.27268,-35.37
PASSAGEM,-7.13467,-37.0433
PASSAGEM FRANCA,-6.17745,-43.7755
PASSAGEM FRANCA DO PIAUÍ,-5.86036,-42.4436
PASSIRA,-7.9971,-35.5813
PASSO DE CAMARAGIBE,-9.24511,-35.4745
PASSO DE TORRES,-29.3099,-49.722
PASSO DO SOBRADO,-29.748,-52.2748
PASSO FUNDO,-28.2576,-52.4091
PASSOS,-20.7193,-46.609
PASSOS MAIA,-26.7829,-52.0568
PASTOS BONS,-6.60296,-44.0745
PATIS,-16.0773,-44.0787
PATO BRAGADO,-24.6271,-54.2265
PATO BRANCO,-26.2292,-52.6706
PATOS,-7.01743,-37.2747
PATOS DE MINAS,-18.5699,-46.5013
PATOS DO PIAUÍ,-7.67231,-41.2408
PATROCÍNIO,-18.9379,-46.9934
PATROCÍNIO DO MURIAÉ,-21.1544,-42.2125
PATROCÍNIO PAULISTA,-20.6384,-47.2801
PATU,-6.10656,-37.6356
PATY DO ALFERES,-22.4309,-43.4285
PAU BRASIL,-15.4572,-39.6458
PAU D'ARCO,-1.59772,-46.9268
PAU D'ARCO,-7.53919,-49.367
PAU D'ARCO DO PIAUÍ,-5.26072,-42.3908
PAU DOS FERROS,-6.10498,-38.2077
PAUDALHO,-7.90287,-35.1716
PAUINI,-7.71311,-66.992
PAULA CÂNDIDO,-20.8754,-42.9752
PAULA FREITAS,-26.2105,-50.931
PAULICÉIA,-21.3153,-51.8321
PAULÍNIA,-22.7542,-47.1488
PAULINO NEVES,-2.72094,-42.5258
PAULISTA,-6.59138,-37.6185
PAULISTA,-7.93401,-34.8684
PAULISTANA,-8.13436,-41.1431
PAULISTÂNIA,-22.5768,-49.4008
PAULISTAS,-18.4276,-42.8628
PAULO AFONSO,-9.3983,-38.2216
PAULO BENTO,-27.7051,-52.4169
PAULO DE FARIA,-20.0296,-49.4
PAULO FRONTIN,-26.0466,-50.8304
PAULO JACINTO,-9.36792,-36.3672
PAULO LOPES,-27.9607,-48.6864
PAULO RAMOS,-4.44485,-45.2398
PAVÃO,-17.4267,-41.0035
PAVERAMA,-29.5486,-51.7339
PAVUSSU,-7.96059,-43.2284
PÉ DE SERRA,-11.8313,-39.611
PEABIRU,-23.914,-52.3431
PEÇANHA,-18.5441,-42.5583
PEDERNEIRAS,-22.3511,-48.7781
PEDRA,-8.49641,-36.94
PEDRA AZUL,-16.0086,-41.2909
PEDRA BELA,-22.7902,-46.4455
PEDRA BONITA,-20.5219,-42.3304
PEDRA BRANCA,-7.42169,-38.0689
PEDRA BRANCA,-5.45341,-39.7078
PEDRA BRANCA DO AMAPARI,0.777424,-51.9503
PEDRA DO ANTA,-20.5968,-42.7123
PEDRA DO INDAIÁ,-20.2563,-45.2107
PEDRA DOURADA,-20.8266,-42.1515
PEDRA GRANDE,-5.14988,-35.876
PEDRA LAVRADA,-6.74997,-36.4758
PEDRA MOLE,-10.6134,-37.6922
PEDRA PRETA,-5.57352,-36.1084
PEDRA PRETA,-16.6245,-54.4722
PEDRALVA,-22.2386,-45.4654
PEDRANÓPOLIS,-20.2474,-50.1129
PEDRÃO,-12.1491,-38.6487
PEDRAS ALTAS,-31.7365,-53.5814
PEDRAS DE FOGO,-7.39107,-35.1065
PEDRAS DE MARIA DA CRUZ,-15.6032,-44.391
PEDRAS GRANDES,-28.4339,-49.1949
PEDREGULHO,-20.2535,-47.4775
PEDREIRA,-22.7413,-46.8948
PEDREIRAS,-4.56482,-44.6006
PEDRINHAS,-11.1902,-37.6775
PEDRINHAS PAULISTA,-22.8174,-50.7933
PEDRINÓPOLIS,-19.2241,-47.4579
PEDRO AFONSO,-8.97034,-48.1729
PEDRO ALEXANDRE,-10.012,-37.8932
PEDRO AVELINO,-5.5161,-36.3867
PEDRO CANÁRIO,-18.3004,-39.9574
PEDRO DE TOLEDO,-24.2764,-47.2354
PEDRO DO ROSÁRIO,-2.97272,-45.3493
PEDRO GOMES,-18.0996,-54.5507
PEDRO II,-4.42585,-41.4482
PEDRO LAURENTINO,-8.06807,-42.2847
PEDRO LEOPOLDO,-19.6308,-44.0383
PEDRO OSÓRIO,-31.8642,-52.8184
PEDRO RÉGIS,-6.63323,-35.2966
PEDRO TEIXEIRA,-21.7076,-43.743
PEDRO VELHO,-6.4356,-35.2195
PEIXE,-12.0254,-48.5395
PEIXE-BOI,-1.19382,-47.324
PEIXOTO DE AZEVEDO,-10.2262,-54.9794
PEJUÇARA,-28.4283,-53.6579
PELOTAS,-31.7649,-52.3371
PENAFORTE,-7.82163,-39.0707
PENALVA,-3.27674,-45.1768
PENÁPOLIS,-21.4148,-50.0769
PENDÊNCIAS,-5.2564,-36.7095
PENEDO,-10.2874,-36.5819
PENHA,-26.7754,-48.6465
PENTECOSTE,-3.79274,-39.2692
PEQUERI,-21.8341,-43.1145
PEQUI,-19.6284,-44.6604
PEQUIZEIRO,-8.5932,-48.9327
PERDIGÃO,-19.9411,-45.078
PERDIZES,-19.3434,-47.2963
PERDÕES,-21.0932,-45.0896
PEREIRA BARRETO,-20.6368,-51.1123
PEREIRAS,-23.0804,-47.972
PEREIRO,-6.03576,-38.4624
PERI MIRIM,-2.57676,-44.8504
PERIQUITO,-19.1573,-42.2333
PERITIBA,-27.3754,-51.9018
PERITORÓ,-4.37459,-44.3369
PEROBAL,-23.8949,-53.4098
PÉROLA,-23.8039,-53.6834
PÉROLA D'OESTE,-25.8278,-53.7433
PEROLÂNDIA,-17.5258,-52.065
PERUÍBE,-24.312,-47.0012
PESCADOR,-18.357,-41.6006
PESCARIA BRAVA,-28.3966,-48.8864
PESQUEIRA,-8.35797,-36.6978
PETROLÂNDIA,-9.06863,-38.3027
PETROLÂNDIA,-27.5346,-49.6937
PETROLINA,-9.38866,-40.5027
PETROLINA DE GOIÁS,-16.0968,-49.3364
PETRÓPOLIS,-22.52,-43.1926
PIAÇABUÇU,-10.406,-36.434
PIACATU,-21.5921,-50.6003
PIANCÓ,-7.19282,-37.9289
PIATÃ,-13.1465,-41.7702
PIAU,-21.5096,-43.313
PICADA CAFÉ,-29.4464,-51.1367
PIÇARRA,-6.43778,-48.8716
PICOS,-7.07721,-41.467
PICUÍ,-6.50845,-36.3497
PIEDADE,-23.7139,-47.4256
PIEDADE DE CARATINGA,-19.7593,-42.0756
PIEDADE DE PONTE NOVA,-20.2438,-42.7379
PIEDADE DO RIO GRANDE,-21.469,-44.1938
PIEDADE DOS GERAIS,-20.4715,-44.2243
PIÊN,-26.0965,-49.4336
PILÃO ARCADO,-10.0051,-42.4936
PILAR,-7.26403,-35.2523
PILAR,-9.60135,-35.9543
PILAR DE GOIÁS,-14.7608,-49.5784
PILAR DO SUL,-23.8077,-47.7222
PILÕES,-6.26364,-38.0461
PILÕES,-6.86827,-35.613
PILÕEZINHOS,-6.84277,-35.531
PIMENTA,-20.4827,-45.8049
PIMENTA BUENO,-11.672,-61.198
PIMENTEIRAS,-6.23839,-41.4113
PIMENTEIRAS DO OESTE,-13.4823,-61.0471
PINDAÍ,-14.4921,-42.686
PINDAMONHANGABA,-22.9246,-45.4613
PINDARÉ-MIRIM,-3.60985,-45.342
PINDOBA,-9.47382,-36.2918
PINDOBAÇU,-10.7433,-40.3675
PINDORAMA,-21.1853,-48.9086
PINDORAMA DO TOCANTINS,-11.1311,-47.5726
PINDORETAMA,-4.01584,-38.3061
PINGO-D'ÁGUA,-19.7287,-42.4095
PINHAIS,-25.4429,-49.1927
PINHAL,-27.508,-53.2082
PINHAL DA SERRA,-27.8751,-51.1673
PINHAL DE SÃO BENTO,-26.0324,-53.482
PINHAL GRANDE,-29.345,-53.3206
PINHALÃO,-23.7982,-50.0536
PINHALZINHO,-22.7811,-46.5897
PINHALZINHO,-26.8495,-52.9913
PINHÃO,-10.5677,-37.7242
PINHÃO,-25.6944,-51.6536
PINHEIRAL,-22.5172,-44.0022
PINHEIRINHO DO VALE,-27.2109,-53.608
PINHEIRO,-2.52224,-45.0788
PINHEIRO MACHADO,-31.5794,-53.3798
PINHEIRO PRETO,-27.0483,-51.2243
PINHEIROS,-18.4141,-40.2171
PINTADAS,-11.8117,-39.9009
PINTO BANDEIRA,-29.0975,-51.4503
PINTÓPOLIS,-16.0572,-45.1402
PIO IX,-6.83002,-40.6083
PIO XII,-3.89315,-45.1759
PIQUEROBI,-21.8747,-51.7282
PIQUET CARNEIRO,-5.80025,-39.417
PIQUETE,-22.6069,-45.1869
PIRACAIA,-23.0525,-46.3594
PIRACANJUBA,-17.302,-49.017
PIRACEMA,-20.5089,-44.4783
PIRACICABA,-22.7338,-47.6476
PIRACURUCA,-3.93335,-41.7088
PIRAÍ,-22.6215,-43.9081
PIRAÍ DO NORTE,-13.759,-39.3836
PIRAÍ DO SUL,-24.5306,-49.9433
PIRAJU,-23.1981,-49.3803
PIRAJUBA,-19.9092,-48.7027
PIRAJUÍ,-21.999,-49.4608
PIRAMBU,-10.7215,-36.8544
PIRANGA,-20.6834,-43.2967
PIRANGI,-21.0886,-48.6607
PIRANGUÇU,-22.5249,-45.4945
PIRANGUINHO,-22.395,-45.5324
PIRANHAS,-9.624,-37.757
PIRANHAS,-16.4258,-51.8235
PIRAPEMAS,-3.72041,-44.2216
PIRAPETINGA,-21.6554,-42.3434
PIRAPÓ,-28.0439,-55.2001
PIRAPORA,-17.3392,-44.934
PIRAPORA DO BOM JESUS,-23.3965,-46.9991
PIRAPOZINHO,-22.2711,-51.4976
PIRAQUARA,-25.4422,-49.0624
PIRAQUÊ,-6.77302,-48.2958
PIRASSUNUNGA,-21.996,-47.4257
PIRATINI,-31.4473,-53.0973
PIRATININGA,-22.4142,-49.1339
PIRATUBA,-27.4242,-51.7668
PIRAÚBA,-21.2825,-43.0172
PIRENÓPOLIS,-15.8507,-48.9584
PIRES DO RIO,-17.3019,-48.2768
PIRES FERREIRA,-4.23922,-40.6442
PIRIPÁ,-14.9444,-41.7168
PIRIPIRI,-4.27157,-41.7716
PIRITIBA,-11.73,-40.5587
PIRPIRITUBA,-6.77922,-35.4906
PITANGA,-24.7588,-51.7596
PITANGUEIRAS,-21.0132,-48.221
PITANGUEIRAS,-23.2281,-51.5873
PITANGUI,-19.6741,-44.8964
PITIMBU,-7.4664,-34.8151
PIUM,-10.442,-49.1876
PIÚMA,-20.8334,-40.7268
PIUMHI,-20.4762,-45.9589
PLACAS,-3.86813,-54.2124
PLÁCIDO DE CASTRO,-10.2806,-67.1371
PLANALTINA,-15.452,-47.6089
PLANALTINA DO PARANÁ,-23.0101,-52.9162
PLANALTINO,-13.2618,-40.3695
PLANALTO,-14.6654,-40.4718
PLANALTO,-27.3297,-53.0575
PLANALTO,-21.0342,-49.933
PLANALTO,-25.7211,-53.7642
PLANALTO ALEGRE,-27.0704,-52.867
PLANALTO DA SERRA,-14.6518,-54.7819
PLANURA,-20.1376,-48.7
PLATINA,-22.6371,-50.2104
POÁ,-23.5333,-46.3473
POÇÃO,-8.18726,-36.7111
POÇÃO DE PEDRAS,-4.74626,-44.9432
POCINHOS,-7.06658,-36.0668
POÇO BRANCO,-5.62233,-35.6635
POÇO DANTAS,-6.39876,-38.4909
POÇO DAS ANTAS,-29.4481,-51.6719
POÇO DAS TRINCHEIRAS,-9.30742,-37.2889
POÇO DE JOSÉ DE MOURA,-6.56401,-38.5111
POÇO FUNDO,-21.78,-45.9658
POÇO REDONDO,-9.80616,-37.6833
POÇO VERDE,-10.7151,-38.1813
POÇÕES,-14.5234,-40.3634
POCONÉ,-16.266,-56.6261
POÇOS DE CALDAS,-21.78,-46.5692
POCRANE,-19.6208,-41.6334
POJUCA,-12.4303,-38.3374
POLONI,-20.7829,-49.8258
POMBAL,-6.76606,-37.8003
POMBOS,-8.13982,-35.3967
POMERODE,-26.7384,-49.1785
POMPÉIA,-22.107,-50.176
POMPÉU,-19.2257,-45.0141
PONGAÍ,-21.7396,-49.3604
PONTA DE PEDRAS,-1.39587,-48.8661
PONTA GROSSA,-25.0916,-50.1668
PONTA PORÃ,-22.5296,-55.7203
PONTAL,-21.0216,-48.0423
PONTAL DO ARAGUAIA,-15.9274,-52.3273
PONTAL DO PARANÁ,-25.6735,-48.5111
PONTALINA,-17.5225,-49.4489
PONTALINDA,-20.4396,-50.5258
PONTÃO,-28.0585,-52.6791
PONTE ALTA,-27.4835,-50.3764
PONTE ALTA DO BOM JESUS,-12.0853,-46.4825
PONTE ALTA DO NORTE,-27.1591,-50.4659
PONTE ALTA DO TOCANTINS,-10.7481,-47.5276
PONTE BRANCA,-16.7584,-52.8369
PONTE NOVA,-20.4111,-42.8978
PONTE PRETA,-27.6587,-52.4848
PONTE SERRADA,-26.8733,-52.0112
PONTES E LACERDA,-15.2219,-59.3435
PONTES GESTAL,-20.1727,-49.7064
PONTO BELO,-18.1253,-40.5458
PONTO CHIQUE,-16.6282,-45.0588
PONTO DOS VOLANTES,-16.7473,-41.5025
PONTO NOVO,-10.8653,-40.1311
POPULINA,-19.9453,-50.538
PORANGA,-4.74672,-40.9205
PORANGABA,-23.1761,-48.1195
PORANGATU,-13.4391,-49.1503
PORCIÚNCULA,-20.9632,-42.0465
PORECATU,-22.7537,-51.3795
PORTALEGRE,-6.02064,-37.9865
PORTÃO,-29.7015,-51.2429
PORTEIRÃO,-17.8143,-50.1653
PORTEIRAS,-7.52265,-39.114
PORTEIRINHA,-15.7404,-43.0281
PORTEL,-1.93639,-50.8194
PORTELÂNDIA,-17.3554,-52.6799
PORTO,-3.88815,-42.6998
PORTO ACRE,-9.58138,-67.5478
PORTO ALEGRE,-30.0318,-51.2065
PORTO ALEGRE DO NORTE,-10.8761,-51.6357
PORTO ALEGRE DO PIAUÍ,-6.96423,-44.1837
PORTO ALEGRE DO TOCANTINS,-11.618,-47.0621
PORTO AMAZONAS,-25.54,-49.8946
PORTO BARREIRO,-25.5477,-52.4067
PORTO BELO,-27.1586,-48.5469
PORTO CALVO,-9.05195,-35.3987
PORTO DA FOLHA,-9.91626,-37.2842
PORTO DE MOZ,-1.74691,-52.2361
PORTO DE PEDRAS,-9.16006,-35.3049
PORTO DO MANGUE,-5.05441,-36.7887
PORTO DOS GAÚCHOS,-11.533,-57.4132
PORTO ESPERIDIÃO,-15.857,-58.4619
PORTO ESTRELA,-15.3235,-57.2204
PORTO FELIZ,-23.2093,-47.5251
PORTO FERREIRA,-21.8498,-47.487
PORTO FIRME,-20.6642,-43.0834
PORTO FRANCO,-6.34149,-47.3962
PORTO GRANDE,0.71243,-51.4155
PORTO LUCENA,-27.8569,-55.01
PORTO MAUÁ,-27.5796,-54.6657
PORTO MURTINHO,-21.6981,-57.8836
PORTO NACIONAL,-10.7027,-48.408
PORTO REAL,-22.4175,-44.2952
PORTO REAL DO COLÉGIO,-10.1849,-36.8376
PORTO RICO,-22.7747,-53.2677
PORTO RICO DO MARANHÃO,-1.85925,-44.5842
PORTO SEGURO,-16.4435,-39.0643
PORTO UNIÃO,-26.2451,-51.0759
PORTO VELHO,-8.76077,-63.8999
PORTO VERA CRUZ,-27.7405,-54.8994
PORTO VITÓRIA,-26.1674,-51.231
PORTO WALTER,-8.26323,-72.7537
PORTO XAVIER,-27.9082,-55.1379
POSSE,-14.0859,-46.3704
POTÉ,-17.8077,-41.786
POTENGI,-7.09154,-40.0233
POTIM,-22.8343,-45.2552
POTIRAGUÁ,-15.5943,-39.8638
POTIRENDABA,-21.0428,-49.3815
POTIRETAMA,-5.71287,-38.1578
POUSO ALEGRE,-22.2266,-45.9389
POUSO ALTO,-22.1964,-44.9748
POUSO NOVO,-29.1738,-52.2136
POUSO REDONDO,-27.2567,-49.9301
POXORÉU,-15.8299,-54.4208
PRACINHA,-21.8496,-51.0868
PRACUÚBA,1.74543,-50.7892
PRADO,-17.3364,-39.2227
PRADO FERREIRA,-23.0357,-51.4429
PRADÓPOLIS,-21.3626,-48.0679
PRADOS,-21.0597,-44.0778
PRAIA GRANDE,-24.0084,-46.4121
PRAIA GRANDE,-29.1918,-49.9525
PRAIA NORTE,-5.39281,-47.8111
PRAINHA,-1.798,-53.4779
PRANCHITA,-26.0209,-53.7397
PRATA,-19.3086,-48.9276
PRATA,-7.68826,-37.0801
PRATA DO PIAUÍ,-5.67265,-42.2046
PRATÂNIA,-22.8112,-48.6636
PRATÁPOLIS,-20.7411,-46.8624
PRATINHA,-19.739,-46.3755
PRESIDENTE ALVES,-22.0999,-49.4381
PRESIDENTE BERNARDES,-22.0082,-51.5565
PRESIDENTE BERNARDES,-20.7656,-43.1895
PRESIDENTE CASTELLO BRANCO,-27.2218,-51.8089
PRESIDENTE CASTELO BRANCO,-23.2782,-52.1536
PRESIDENTE DUTRA,-11.2923,-41.9843
PRESIDENTE DUTRA,-5.2898,-44.495
PRESIDENTE EPITÁCIO,-21.7651,-52.1111
PRESIDENTE FIGUEIREDO,-2.02981,-60.0234
PRESIDENTE GETÚLIO,-27.0474,-49.6246
PRESIDENTE JÂNIO QUADROS,-14.6885,-41.6798
PRESIDENTE JUSCELINO,-18.6401,-44.06
PRESIDENTE JUSCELINO,-2.91872,-44.0715
PRESIDENTE KENNEDY,-8.5406,-48.5062
PRESIDENTE KENNEDY,-21.0964,-41.0468
PRESIDENTE KUBITSCHEK,-18.6193,-43.5628
PRESIDENTE LUCENA,-29.5175,-51.1798
PRESIDENTE MÉDICI,-11.169,-61.8986
PRESIDENTE MÉDICI,-2.38991,-45.82
PRESIDENTE NEREU,-27.2768,-49.3889
PRESIDENTE OLEGÁRIO,-18.4096,-46.4165
PRESIDENTE PRUDENTE,-22.1207,-51.3925
PRESIDENTE SARNEY,-2.58799,-45.3595
PRESIDENTE TANCREDO NEVES,-13.4471,-39.4203
PRESIDENTE VARGAS,-3.40787,-44.0234
PRESIDENTE VENCESLAU,-21.8732,-51.8447
PRIMAVERA,-8.32999,-35.3544
PRIMAVERA,-0.945439,-47.1253
PRIMAVERA DE RONDÔNIA,-11.8295,-61.3153
PRIMAVERA DO LESTE,-15.544,-54.2811
PRIMEIRA CRUZ,-2.50568,-43.4232
PRIMEIRO DE MAIO,-22.8517,-51.0293
PRINCESA,-26.4441,-53.5994
PRINCESA ISABEL,-7.73175,-37.9886
PROFESSOR JAMIL,-17.2497,-49.244
PROGRESSO,-29.2441,-52.3197
PROMISSÃO,-21.5356,-49.8599
PROPRIÁ,-10.2138,-36.8442
PROTÁSIO ALVES,-28.7572,-51.4757
PRUDENTE DE MORAIS,-19.4742,-44.1591
PRUDENTÓPOLIS,-25.2111,-50.9754
PUGMIL,-10.424,-48.8957
PUREZA,-5.46393,-35.5554
PUTINGA,-29.0045,-52.1569
PUXINANÃ,-7.15479,-35.9543
QUADRA,-23.2993,-48.0547
QUARAÍ,-30.384,-56.4483
QUARTEL GERAL,-19.2703,-45.5569
QUARTO CENTENÁRIO,-24.2775,-53.0759
QUATÁ,-22.2456,-50.6966
QUATIGUÁ,-23.5671,-49.916
QUATIPURU,-0.899604,-47.0134
QUATIS,-22.4045,-44.2597
QUATRO BARRAS,-25.3673,-49.0763
QUATRO IRMÃOS,-27.8257,-52.4424
QUATRO PONTES,-24.5752,-53.9759
QUEBRANGULO,-9.32001,-36.4692
QUEDAS DO IGUAÇU,-25.4492,-52.9102
QUEIMADA NOVA,-8.57064,-41.4106
QUEIMADAS,-7.35029,-35.9031
QUEIMADAS,-10.9736,-39.6293
QUEIMADOS,-22.7102,-43.5518
QUEIROZ,-21.7969,-50.2415
QUELUZ,-22.5312,-44.7781
QUELUZITO,-20.7416,-43.8851
QUERÊNCIA,-12.6093,-52.1821
QUERÊNCIA DO NORTE,-23.0838,-53.483
QUEVEDOS,-29.3504,-54.0789
QUIJINGUE,-10.7505,-39.2137
QUILOMBO,-26.7264,-52.724
QUINTA DO SOL,-23.8533,-52.1309
QUINTANA,-22.0692,-50.307
QUINZE DE NOVEMBRO,-28.7466,-53.1011
QUIPAPÁ,-8.81175,-36.0137
QUIRINÓPOLIS,-18.4472,-50.4547
QUISSAMÃ,-22.1031,-41.4693
QUITANDINHA,-25.8734,-49.4973
QUITERIANÓPOLIS,-5.8425,-40.7002
QUIXABÁ,-7.0224,-37.1458
QUIXABA,-7.70734,-37.8446
QUIXABEIRA,-11.4031,-40.12
QUIXADÁ,-4.9663,-39.0155
QUIXELÔ,-6.24637,-39.2011
QUIXERAMOBIM,-5.19067,-39.2889
QUIXERÉ,-5.07148,-37.9802
RAFAEL FERNANDES,-6.18987,-38.2211
RAFAEL GODEIRO,-6.07244,-37.716
RAFAEL JAMBEIRO,-12.4053,-39.5007
RAFARD,-23.0105,-47.5318
RAMILÂNDIA,-25.1195,-54.023
RANCHARIA,-22.2269,-50.893
RANCHO ALEGRE,-23.0676,-50.9145
RANCHO ALEGRE D'OESTE,-24.3065,-52.9552
RANCHO QUEIMADO,-27.6727,-49.0191
RAPOSA,-2.4254,-44.0973
RAPOSOS,-19.9636,-43.8079
RAUL SOARES,-20.1061,-42.4502
REALEZA,-25.7711,-53.526
REBOUÇAS,-25.6232,-50.6877
RECIFE,-8.04666,-34.8771
RECREIO,-21.5289,-42.4676
RECURSOLÂNDIA,-8.7227,-47.2421
REDENÇÃO,-8.02529,-50.0317
REDENÇÃO,-4.21587,-38.7277
REDENÇÃO DA SERRA,-23.2638,-45.5422
REDENÇÃO DO GURGUÉIA,-9.47937,-44.5811
REDENTORA,-27.664,-53.6407
REDUTO,-20.2401,-41.9848
REGENERAÇÃO,-6.23115,-42.6842
REGENTE FEIJÓ,-22.2181,-51.3055
REGINÓPOLIS,-21.8914,-49.2268
REGISTRO,-24.4979,-47.8449
RELVADO,-29.1164,-52.0778
REMANSO,-9.61944,-42.0848
REMÍGIO,-6.94992,-35.8011
RENASCENÇA,-26.1588,-52.9703
RERIUTABA,-4.14191,-40.5759
RESENDE,-22.4705,-44.4509
RESENDE COSTA,-20.9171,-44.2407
RESERVA,-24.6492,-50.8466
RESERVA DO CABAÇAL,-15.0743,-58.4585
RESERVA DO IGUAÇU,-25.8319,-52.0272
RESPLENDOR,-19.3194,-41.2462
RESSAQUINHA,-21.0642,-43.7598
RESTINGA,-20.6056,-47.4833
RESTINGA SÊCA,-29.8188,-53.3807
RETIROLÂNDIA,-11.4832,-39.4234
RIACHÃO,-6.54269,-35.661
RIACHÃO,-7.35819,-46.6225
RIACHÃO DAS NEVES,-11.7508,-44.9143
RIACHÃO DO BACAMARTE,-7.25347,-35.6693
RIACHÃO DO DANTAS,-11.0729,-37.731
RIACHÃO DO JACUÍPE,-11.8067,-39.3818
RIACHÃO DO POÇO,-7.14173,-35.2914
RIACHINHO,-6.44005,-48.1371
RIACHINHO,-16.2258,-45.9888
RIACHO DA CRUZ,-5.92654,-37.949
RIACHO DAS ALMAS,-8.13742,-35.8648
RIACHO DE SANTANA,-6.25139,-38.3116
RIACHO DE SANTANA,-13.6059,-42.9397
RIACHO DE SANTO ANTÔNIO,-7.68023,-36.157
RIACHO DOS CAVALOS,-6.44067,-37.6483
RIACHO DOS MACHADOS,-16.0091,-43.0488
RIACHO FRIO,-10.1244,-44.9503
RIACHUELO,-5.82156,-35.8215
RIACHUELO,-10.735,-37.1966
RIALMA,-15.3145,-49.5814
RIANÁPOLIS,-15.4456,-49.5114
RIBAMAR FIQUENE,-5.93067,-47.3888
RIBAS DO RIO PARDO,-20.4445,-53.7588
RIBEIRA,-24.6517,-49.0044
RIBEIRA DO AMPARO,-11.0421,-38.4242
RIBEIRA DO PIAUÍ,-7.69028,-42.7128
RIBEIRA DO POMBAL,-10.8373,-38.5382
RIBEIRÃO,-8.50957,-35.3698
RIBEIRÃO BONITO,-22.0685,-48.182
RIBEIRÃO BRANCO,-24.2206,-48.7635
RIBEIRÃO CASCALHEIRA,-12.9367,-51.8244
RIBEIRÃO CLARO,-23.1941,-49.7597
RIBEIRÃO CORRENTE,-20.4579,-47.5904
RIBEIRÃO DAS NEVES,-19.7621,-44.0844
RIBEIRÃO DO LARGO,-15.4508,-40.7441
RIBEIRÃO DO PINHAL,-23.4091,-50.3601
RIBEIRÃO DO SUL,-22.789,-49.933
RIBEIRÃO DOS ÍNDIOS,-21.8382,-51.6103
RIBEIRÃO GRANDE,-24.1011,-48.3679
RIBEIRÃO PIRES,-23.7067,-46.4058
RIBEIRÃO PRETO,-21.1699,-47.8099
RIBEIRÃO VERMELHO,-21.1879,-45.0637
RIBEIRÃOZINHO,-16.4856,-52.6924
RIBEIRO GONÇALVES,-7.55651,-45.2447
RIBEIRÓPOLIS,-10.5357,-37.438
RIFAINA,-20.0803,-47.4291
RINCÃO,-21.5894,-48.0728
RINÓPOLIS,-21.7284,-50.7239
RIO ACIMA,-20.0876,-43.7878
RIO AZUL,-25.7306,-50.7985
RIO BANANAL,-19.2719,-40.3366
RIO BOM,-23.7606,-51.4122
RIO BONITO,-22.7181,-42.6276
RIO BONITO DO IGUAÇU,-25.4874,-52.5292
RIO BRANCO,-15.2483,-58.1259
RIO BRANCO,-9.97499,-67.8243
RIO BRANCO DO IVAÍ,-24.3244,-51.3187
RIO BRANCO DO SUL,-25.1892,-49.3115
RIO BRILHANTE,-21.8033,-54.5427
RIO CASCA,-20.2285,-42.6462
RIO CLARO,-22.72,-44.1419
RIO CLARO,-22.3984,-47.5546
RIO CRESPO,-9.69965,-62.9011
RIO DA CONCEIÇÃO,-11.3949,-46.8847
RIO DAS ANTAS,-26.8946,-51.0674
RIO DAS FLORES,-22.1692,-43.5856
RIO DAS OSTRAS,-22.5174,-41.9475
RIO DAS PEDRAS,-22.8417,-47.6047
RIO DE CONTAS,-13.5852,-41.8048
RIO DE JANEIRO,-22.9129,-43.2003
RIO DO ANTÔNIO,-14.4071,-42.0721
RIO DO CAMPO,-26.9452,-50.136
RIO DO FOGO,-5.2765,-35.3794
RIO DO OESTE,-27.1952,-49.7989
RIO DO PIRES,-13.1185,-42.2902
RIO DO PRADO,-16.6056,-40.5714
RIO DO SUL,-27.2156,-49.643
RIO DOCE,-20.2412,-42.8995
RIO DOS BOIS,-9.34425,-48.5245
RIO DOS CEDROS,-26.7398,-49.2718
RIO DOS ÍNDIOS,-27.2973,-52.8417
RIO ESPERA,-20.855,-43.4721
RIO FORMOSO,-8.6592,-35.1532
RIO FORTUNA,-28.1244,-49.1068
RIO GRANDE,-32.0349,-52.1071
RIO GRANDE DA SERRA,-23.7437,-46.3971
RIO GRANDE DO PIAUÍ,-7.78029,-43.1369
RIO LARGO,-9.47783,-35.8394
RIO MANSO,-20.2666,-44.3069
RIO MARIA,-7.31236,-50.0379
RIO NEGRINHO,-26.2591,-49.5177
RIO NEGRO,-19.447,-54.9859
RIO NEGRO,-26.095,-49.7982
RIO NOVO,-21.4649,-43.1168
RIO NOVO DO SUL,-20.8556,-40.9388
RIO PARANAÍBA,-19.1861,-46.2455
RIO PARDO,-29.988,-52.3711
RIO PARDO DE MINAS,-15.616,-42.5405
RIO PIRACICABA,-19.9284,-43.1829
RIO POMBA,-21.2712,-43.1696
RIO PRETO,-22.0861,-43.8293
RIO PRETO DA EVA,-2.7045,-59.6858
RIO QUENTE,-17.774,-48.7725
RIO REAL,-11.4814,-37.9332
RIO RUFINO,-27.8592,-49.7754
RIO SONO,-9.35002,-47.888
RIO TINTO,-6.80383,-35.0776
RIO VERDE,-17.7923,-50.9192
RIO VERDE DE MATO GROSSO,-18.9249,-54.8434
RIO VERMELHO,-18.2922,-43.0018
RIOLÂNDIA,-19.9868,-49.6836
RIOZINHO,-29.639,-50.4488
RIQUEZA,-27.0653,-53.3265
RITÁPOLIS,-21.0276,-44.3204
RIVERSUL,-23.829,-49.429
ROCA SALES,-29.2884,-51.8658
ROCHEDO,-19.9565,-54.8848
ROCHEDO DE MINAS,-21.6284,-43.0165
RODEIO,-26.9243,-49.3649
RODEIO BONITO,-27.4742,-53.1706
RODEIRO,-21.2035,-42.8586
RODELAS,-8.85021,-38.78
RODOLFO FERNANDES,-5.78393,-38.0579
RODRIGUES ALVES,-7.73864,-72.661
ROLADOR,-28.2566,-54.8186
ROLÂNDIA,-23.3101,-51.3659
ROLANTE,-29.6462,-50.5819
ROLIM DE MOURA,-11.7271,-61.7714
ROMARIA,-18.8838,-47.5782
ROMELÂNDIA,-26.6809,-53.3172
RONCADOR,-24.5958,-52.2716
RONDA ALTA,-27.7758,-52.8056
RONDINHA,-27.8315,-52.9081
RONDOLÂNDIA,-10.8376,-61.4697
RONDON,-23.412,-52.7659
RONDON DO PARÁ,-4.77793,-48.067
RONDONÓPOLIS,-16.4673,-54.6372
ROQUE GONZALES,-28.1297,-55.0266
RORAINÓPOLIS,0.939956,-60.4389
ROSANA,-22.5782,-53.0603
ROSÁRIO,-2.93444,-44.2531
ROSÁRIO DA LIMEIRA,-20.9812,-42.5112
ROSÁRIO DO CATETE,-10.6904,-37.0357
ROSÁRIO DO IVAÍ,-24.2682,-51.272
ROSÁRIO DO SUL,-30.2515,-54.9221
ROSÁRIO OESTE,-14.8259,-56.4236
ROSEIRA,-22.8938,-45.307
ROTEIRO,-9.83503,-35.9782
RUBELITA,-16.4053,-42.261
RUBIÁCEA,-21.3006,-50.7296
RUBIATABA,-15.1617,-49.8048
RUBIM,-16.3775,-40.5397
RUBINÉIA,-20.1759,-51.007
RURÓPOLIS,-4.10028,-54.9092
RUSSAS,-4.92673,-37.9721
RUY BARBOSA,-5.88745,-35.933
RUY BARBOSA,-12.2816,-40.4931
SABARÁ,-19.884,-43.8263
SABÁUDIA,-23.3155,-51.555
SABINO,-21.4593,-49.5755
SABINÓPOLIS,-18.6653,-43.0752
SABOEIRO,-6.5346,-39.9017
SACRAMENTO,-19.8622,-47.4508
SAGRADA FAMÍLIA,-27.7085,-53.1351
SAGRES,-21.8823,-50.9594
SAIRÉ,-8.32864,-35.6967
SALDANHA MARINHO,-28.3941,-53.097
SALES,-21.3427,-49.4897
SALES OLIVEIRA,-20.7696,-47.8369
SALESÓPOLIS,-23.5288,-45.8465
SALETE,-26.9798,-49.9988
SALGADINHO,-7.10098,-36.8458
SALGADINHO,-7.9269,-35.6503
SALGADO,-11.0288,-37.4804
SALGADO DE SÃO FÉLIX,-7.35337,-35.4305
SALGADO FILHO,-26.1777,-53.3631
SALGUEIRO,-8.07373,-39.1247
SALINAS,-16.1753,-42.2964
SALINAS DA MARGARIDA,-12.873,-38.7562
SALINÓPOLIS,-0.630815,-47.3465
SALITRE,-7.28398,-40.45
SALMOURÃO,-21.6267,-50.8614
SALOÁ,-8.9723,-36.691
SALTINHO,-26.6049,-53.0578
SALTINHO,-22.8442,-47.6754
SALTO,-23.1996,-47.2931
SALTO DA DIVISA,-16.0063,-39.9391
SALTO DE PIRAPORA,-23.6474,-47.5743
SALTO DO CÉU,-15.1303,-58.1317
SALTO DO ITARARÉ,-23.6074,-49.6354
SALTO DO JACUÍ,-29.0951,-53.2133
SALTO DO LONTRA,-25.7813,-53.3135
SALTO GRANDE,-22.8894,-49.9831
SALTO VELOSO,-26.903,-51.4043
SALVADOR,-12.9718,-38.5011
SALVADOR DAS MISSÕES,-28.1233,-54.8373
SALVADOR DO SUL,-29.4386,-51.5077
SALVATERRA,-0.758444,-48.5139
SAMBAÍBA,-7.13447,-45.3515
SAMPAIO,-5.35423,-47.8782
SANANDUVA,-27.947,-51.8079
SANCLERLÂNDIA,-16.197,-50.3124
SANDOLÂNDIA,-12.538,-49.9242
SANDOVALINA,-22.4551,-51.7648
SANGÃO,-28.6326,-49.1322
SANHARÓ,-8.36097,-36.5696
SANT'ANA DO LIVRAMENTO,-30.8773,-55.5392
SANTA ADÉLIA,-21.2427,-48.8063
SANTA ALBERTINA,-20.0311,-50.7297
SANTA AMÉLIA,-23.2654,-50.4288
SANTA BÁRBARA,-11.9515,-38.9681
SANTA BÁRBARA,-19.9604,-43.4101
SANTA BÁRBARA D'OESTE,-22.7553,-47.4143
SANTA BÁRBARA DE GOIÁS,-16.5714,-49.6954
SANTA BÁRBARA DO LESTE,-19.9753,-42.1457
SANTA BÁRBARA DO MONTE VERDE,-21.9592,-43.7027
SANTA BÁRBARA DO PARÁ,-1.19219,-48.238
SANTA BÁRBARA DO SUL,-28.3653,-53.251
SANTA BÁRBARA DO TUGÚRIO,-21.2431,-43.5607
SANTA BRANCA,-23.3933,-45.8875
SANTA BRÍGIDA,-9.73227,-38.1209
SANTA CARMEM,-11.9125,-55.2263
SANTA CECÍLIA,-26.9592,-50.4252
SANTA CECÍLIA,-7.7389,-35.8764
SANTA CECÍLIA DO PAVÃO,-23.5201,-50.7835
SANTA CECÍLIA DO SUL,-28.1609,-51.9279
SANTA CLARA D'OESTE,-20.09,-50.9491
SANTA CLARA DO SUL,-29.4747,-52.0843
SANTA CRUZ,-6.22475,-36.0193
SANTA CRUZ,-6.5237,-38.0617
SANTA CRUZ,-8.24153,-40.3434
SANTA CRUZ CABRÁLIA,-16.2825,-39.0295
SANTA CRUZ DA BAIXA VERDE,-7.81339,-38.1476
SANTA CRUZ DA CONCEIÇÃO,-22.1405,-47.4512
SANTA CRUZ DA ESPERANÇA,-21.2951,-47.4304
SANTA CRUZ DA VITÓRIA,-14.964,-39.8115
SANTA CRUZ DAS PALMEIRAS,-21.8235,-47.248
SANTA CRUZ DE GOIÁS,-17.3155,-48.4809
SANTA CRUZ DE MINAS,-21.1241,-44.2202
SANTA CRUZ DE MONTE CASTELO,-22.9582,-53.2949
SANTA CRUZ DE SALINAS,-16.0967,-41.7418
SANTA CRUZ DO ARARI,-0.661019,-49.1771
SANTA CRUZ DO CAPIBARIBE,-7.94802,-36.2061
SANTA CRUZ DO ESCALVADO,-20.2372,-42.8169
SANTA CRUZ DO PIAUÍ,-7.1785,-41.7609
SANTA CRUZ DO RIO PARDO,-22.8988,-49.6354
SANTA CRUZ DO SUL,-29.722,-52.4343
SANTA CRUZ DO XINGU,-10.1532,-52.3953
SANTA CRUZ DOS MILAGRES,-5.80581,-41.9506
SANTA EFIGÊNIA DE MINAS,-18.8235,-42.4388
SANTA ERNESTINA,-21.4618,-48.3953
SANTA FÉ,-23.04,-51.808
SANTA FÉ DE GOIÁS,-15.7664,-51.1037
SANTA FÉ DE MINAS,-16.6859,-45.4102
SANTA FÉ DO ARAGUAIA,-7.15803,-48.7165
SANTA FÉ DO SUL,-20.2083,-50.932
SANTA FILOMENA,-9.11228,-45.9116
SANTA FILOMENA,-8.16688,-40.6079
SANTA FILOMENA DO MARANHÃO,-5.49671,-44.5638
SANTA GERTRUDES,-22.4572,-47.5272
SANTA HELENA,-24.8585,-54.336
SANTA HELENA,-26.937,-53.6214
SANTA HELENA,-2.24426,-45.29
SANTA HELENA,-6.7176,-38.6427
SANTA HELENA DE GOIÁS,-17.8115,-50.5977
SANTA HELENA DE MINAS,-16.9707,-40.6727
SANTA INÊS,-13.2793,-39.814
SANTA INÊS,-22.6376,-51.9024
SANTA INÊS,-7.621,-38.554
SANTA INÊS,-3.65112,-45.3774
SANTA ISABEL,-23.3172,-46.2237
SANTA ISABEL,-15.2958,-49.4259
SANTA ISABEL DO IVAÍ,-23.0025,-53.1989
SANTA ISABEL DO RIO NEGRO,-0.410824,-65.0092
SANTA IZABEL DO OESTE,-25.8217,-53.4801
SANTA IZABEL DO PARÁ,-1.29686,-48.1606
SANTA JULIANA,-19.3108,-47.5322
SANTA LEOPOLDINA,-20.0999,-40.527
SANTA LÚCIA,-21.685,-48.0885
SANTA LÚCIA,-25.4104,-53.5638
SANTA LUZ,-8.9488,-44.1296
SANTA LUZIA,-4.06873,-45.69
SANTA LUZIA,-15.4342,-39.3287
SANTA LUZIA,-19.7548,-43.8497
SANTA LUZIA,-6.86092,-36.9178
SANTA LUZIA D'OESTE,-11.9074,-61.7777
SANTA LUZIA DO ITANHY,-11.3536,-37.4586
SANTA LUZIA DO NORTE,-9.6037,-35.8232
SANTA LUZIA DO PARÁ,-1.52147,-46.9008
SANTA LUZIA DO PARUÁ,-2.51123,-45.7801
SANTA MARGARIDA,-20.3839,-42.2519
SANTA MARGARIDA DO SUL,-30.3393,-54.0817
SANTA MARIA,-29.6868,-53.8149
SANTA MARIA,-5.83802,-35.6914
SANTA MARIA DA BOA VISTA,-8.79766,-39.8241
SANTA MARIA DA SERRA,-22.5661,-48.1593
SANTA MARIA DA VITÓRIA,-13.3859,-44.2011
SANTA MARIA DAS BARREIRAS,-8.85784,-49.7215
SANTA MARIA DE ITABIRA,-19.4431,-43.1064
SANTA MARIA DE JETIBÁ,-20.0253,-40.7439
SANTA MARIA DO CAMBUCÁ,-7.83676,-35.8941
SANTA MARIA DO HERVAL,-29.4902,-50.9919
SANTA MARIA DO OESTE,-24.9377,-51.8696
SANTA MARIA DO PARÁ,-1.35392,-47.5712
SANTA MARIA DO SALTO,-16.2479,-40.1512
SANTA MARIA DO SUAÇUÍ,-18.1896,-42.4139
SANTA MARIA DO TOCANTINS,-8.8046,-47.7887
SANTA MARIA MADALENA,-21.9547,-42.0098
SANTA MARIANA,-23.1465,-50.5167
SANTA MERCEDES,-21.3495,-51.7564
SANTA MÔNICA,-23.108,-53.1103
SANTA QUITÉRIA,-4.32608,-40.1523
SANTA QUITÉRIA DO MARANHÃO,-3.49308,-42.5688
SANTA RITA,-3.14241,-44.3211
SANTA RITA,-7.11724,-34.9753
SANTA RITA D'OESTE,-20.1414,-50.8358
SANTA RITA DE CALDAS,-22.0292,-46.3385
SANTA RITA DE CÁSSIA,-11.0063,-44.5255
SANTA RITA DE IBITIPOCA,-21.5658,-43.9163
SANTA RITA DE JACUTINGA,-22.1474,-44.0977
SANTA RITA DE MINAS,-19.876,-42.1363
SANTA RITA DO ARAGUAIA,-17.3269,-53.2012
SANTA RITA DO ITUETO,-19.3576,-41.3821
SANTA RITA DO NOVO DESTINO,-15.1351,-49.1203
SANTA RITA DO PARDO,-21.3016,-52.8333
SANTA RITA DO PASSA QUATRO,-21.7083,-47.478
SANTA RITA DO SAPUCAÍ,-22.2461,-45.7034
SANTA RITA DO TOCANTINS,-10.8617,-48.9161
SANTA RITA DO TRIVELATO,-13.8146,-55.2706
SANTA ROSA,-27.8702,-54.4796
SANTA ROSA DA SERRA,-19.5186,-45.9611
SANTA ROSA DE GOIÁS,-16.084,-49.4953
SANTA ROSA DE LIMA,-28.0331,-49.133
SANTA ROSA DE LIMA,-10.6434,-37.1931
SANTA ROSA DE VITERBO,-21.4776,-47.3622
SANTA ROSA DO PIAUÍ,-6.79581,-42.2814
SANTA ROSA DO PURUS,-9.44652,-70.4902
SANTA ROSA DO SUL,-29.1313,-49.7109
SANTA ROSA DO TOCANTINS,-11.4474,-48.1216
SANTA SALETE,-20.2429,-50.6887
SANTA TERESA,-19.9363,-40.5979
SANTA TERESINHA,-12.7697,-39.5215
SANTA TERESINHA,-7.07964,-37.4435
SANTA TEREZA,-29.1655,-51.7351
SANTA TEREZA DE GOIÁS,-13.7138,-49.0144
SANTA TEREZA DO OESTE,-25.0543,-53.6274
SANTA TEREZA DO TOCANTINS,-10.2746,-47.8033
SANTA TEREZINHA,-26.7813,-50.009
SANTA TEREZINHA,-10.4704,-50.514
SANTA TEREZINHA,-7.37696,-37.4787
SANTA TEREZINHA DE GOIÁS,-14.4326,-49.7091
SANTA TEREZINHA DE ITAIPU,-25.4391,-54.402
SANTA TEREZINHA DO PROGRESSO,-26.624,-53.1997
SANTA TEREZINHA DO TOCANTINS,-6.44438,-47.6684
SANTA VITÓRIA,-18.8414,-50.1208
SANTA VITÓRIA DO PALMAR,-33.525,-53.3717
SANTALUZ,-11.2508,-39.375
SANTANA,-12.9792,-44.0506
SANTANA,-0.045434,-51.1729
SANTANA DA BOA VISTA,-30.8697,-53.11
SANTANA DA PONTE PENSA,-20.2523,-50.8014
SANTANA DA VARGEM,-21.2449,-45.5005
SANTANA DE CATAGUASES,-21.2893,-42.5524
SANTANA DE MANGUEIRA,-7.54705,-38.3236
SANTANA DE PARNAÍBA,-23.4439,-46.9178
SANTANA DE PIRAPAMA,-18.9962,-44.0409
SANTANA DO ACARAÚ,-3.46144,-40.2118
SANTANA DO ARAGUAIA,-9.3281,-50.35
SANTANA DO CARIRI,-7.17613,-39.7302
SANTANA DO DESERTO,-21.9512,-43.1583
SANTANA DO GARAMBÉU,-21.5983,-44.105
SANTANA DO IPANEMA,-9.36999,-37.248
SANTANA DO ITARARÉ,-23.7587,-49.6293
SANTANA DO JACARÉ,-20.9007,-45.1285
SANTANA DO MANHUAÇU,-20.1031,-41.9278
SANTANA DO MARANHÃO,-3.109,-42.4064
SANTANA DO MATOS,-5.94605,-36.6578
SANTANA DO MUNDAÚ,-9.17141,-36.2176
SANTANA DO PARAÍSO,-19.3661,-42.5446
SANTANA DO PIAUÍ,-6.94696,-41.5178
SANTANA DO RIACHO,-19.1662,-43.722
SANTANA DO SÃO FRANCISCO,-10.2922,-36.6105
SANTANA DO SERIDÓ,-6.76643,-36.7312
SANTANA DOS GARROTES,-7.38162,-37.9819
SANTANA DOS MONTES,-20.7868,-43.6949
SANTANÓPOLIS,-12.0311,-38.8694
SANTARÉM,-2.43849,-54.6996
SANTARÉM NOVO,-0.93097,-47.3855
SANTIAGO,-29.1897,-54.8666
SANTIAGO DO SUL,-26.6388,-52.6799
SANTO AFONSO,-14.4945,-57.0091
SANTO AMARO,-12.5472,-38.7137
SANTO AMARO DA IMPERATRIZ,-27.6852,-48.7813
SANTO AMARO DAS BROTAS,-10.7892,-37.0564
SANTO AMARO DO MARANHÃO,-2.50068,-43.238
SANTO ANASTÁCIO,-21.9747,-51.6527
SANTO ANDRÉ,-23.6737,-46.5432
SANTO ANDRÉ,-7.22016,-36.6213
SANTO ÂNGELO,-28.3001,-54.2668
SANTO ANTÔNIO,-6.31195,-35.4739
SANTO ANTÔNIO DA ALEGRIA,-21.0864,-47.1464
SANTO ANTÔNIO DA BARRA,-17.5585,-50.6345
SANTO ANTÔNIO DA PATRULHA,-29.8268,-50.5175
SANTO ANTÔNIO DA PLATINA,-23.2959,-50.0815
SANTO ANTÔNIO DAS MISSÕES,-28.514,-55.2251
SANTO ANTÔNIO DE GOIÁS,-16.4815,-49.3096
SANTO ANTÔNIO DE JESUS,-12.9614,-39.2584
SANTO ANTÔNIO DE LISBOA,-6.98676,-41.2252
SANTO ANTÔNIO DE PÁDUA,-21.541,-42.1832
SANTO ANTÔNIO DE POSSE,-22.6029,-46.9192
SANTO ANTÔNIO DO AMPARO,-20.943,-44.9176
SANTO ANTÔNIO DO ARACANGUÁ,-20.9331,-50.498
SANTO ANTÔNIO DO AVENTUREIRO,-21.7606,-42.8115
SANTO ANTÔNIO DO CAIUÁ,-22.7351,-52.344
SANTO ANTÔNIO DO DESCOBERTO,-15.9412,-48.2578
SANTO ANTÔNIO DO GRAMA,-20.3185,-42.6047
SANTO ANTÔNIO DO IÇÁ,-3.09544,-67.9463
SANTO ANTÔNIO DO ITAMBÉ,-18.4609,-43.3006
SANTO ANTÔNIO DO JACINTO,-16.5332,-40.1817
SANTO ANTÔNIO DO JARDIM,-22.1121,-46.6845
SANTO ANTÔNIO DO LESTE,-14.805,-53.6075
SANTO ANTÔNIO DO LEVERGER,-15.8632,-56.0788
SANTO ANTÔNIO DO MONTE,-20.085,-45.2947
SANTO ANTÔNIO DO PALMA,-28.4956,-52.0267
SANTO ANTÔNIO DO PARAÍSO,-23.4969,-50.6455
SANTO ANTÔNIO DO PINHAL,-22.827,-45.663
SANTO ANTÔNIO DO PLANALTO,-28.403,-52.6992
SANTO ANTÔNIO DO RETIRO,-15.3393,-42.6171
SANTO ANTÔNIO DO RIO ABAIXO,-19.2374,-43.2604
SANTO ANTÔNIO DO SUDOESTE,-26.0737,-53.7251
SANTO ANTÔNIO DO TAUÁ,-1.1522,-48.1314
SANTO ANTÔNIO DOS LOPES,-4.86613,-44.3653
SANTO ANTÔNIO DOS MILAGRES,-6.04647,-42.7123
SANTO AUGUSTO,-27.8526,-53.7776
SANTO CRISTO,-27.8263,-54.662
SANTO ESTÊVÃO,-12.428,-39.2505
SANTO EXPEDITO,-21.8467,-51.3929
SANTO EXPEDITO DO SUL,-27.9074,-51.6434
SANTO HIPÓLITO,-18.2968,-44.2229
SANTO INÁCIO,-22.6957,-51.7969
SANTO INÁCIO DO PIAUÍ,-7.42072,-41.9063
SANTÓPOLIS DO AGUAPEÍ,-21.6376,-50.5044
SANTOS,-23.9535,-46.335
SANTOS DUMONT,-21.4634,-43.5499
SÃO BENEDITO,-4.04713,-40.8596
SÃO BENEDITO DO RIO PRETO,-3.33515,-43.5287
SÃO BENEDITO DO SUL,-8.8166,-35.9453
SÃO BENTINHO,-6.88596,-37.7243
SÃO BENTO,-6.48529,-37.4488
SÃO BENTO,-2.69781,-44.8289
SÃO BENTO ABADE,-21.5839,-45.0699
SÃO BENTO DO NORTE,-5.09259,-35.9587
SÃO BENTO DO SAPUCAÍ,-22.6837,-45.7287
SÃO BENTO DO SUL,-26.2495,-49.3831
SÃO BENTO DO TOCANTINS,-6.0258,-47.9012
SÃO BENTO DO TRAIRÍ,-6.33798,-36.0863
SÃO BENTO DO UNA,-8.52637,-36.4465
SÃO BERNARDINO,-26.4739,-52.9687
SÃO BERNARDO,-3.37223,-42.4191
SÃO BERNARDO DO CAMPO,-23.6914,-46.5646
SÃO BONIFÁCIO,-27.9009,-48.9326
SÃO BORJA,-28.6578,-56.0036
SÃO BRÁS,-10.1141,-36.8522
SÃO BRÁS DO SUAÇUÍ,-20.6242,-43.9515
SÃO BRAZ DO PIAUÍ,-9.05797,-43.0076
SÃO CAETANO,-8.33763,-36.2869
SÃO CAETANO DE ODIVELAS,-0.747293,-48.0246
SÃO CAETANO DO SUL,-23.6229,-46.5548
SÃO CARLOS,-22.0174,-47.886
SÃO CARLOS,-27.0798,-53.0037
SÃO CARLOS DO IVAÍ,-23.3158,-52.4761
SÃO CRISTÓVÃO,-11.0084,-37.2044
SÃO CRISTOVÃO DO SUL,-27.2666,-50.4388
SÃO DESIDÉRIO,-12.3572,-44.9769
SÃO DOMINGOS,-11.4649,-39.5268
SÃO DOMINGOS,-26.5548,-52.5313
SÃO DOMINGOS,-6.80313,-37.9488
SÃO DOMINGOS,-10.7916,-37.5685
SÃO DOMINGOS,-13.621,-46.7415
SÃO DOMINGOS DAS DORES,-19.5246,-42.0106
SÃO DOMINGOS DO ARAGUAIA,-5.53732,-48.7366
SÃO DOMINGOS DO AZEITÃO,-6.81471,-44.6509
SÃO DOMINGOS DO CAPIM,-1.68768,-47.7665
SÃO DOMINGOS DO CARIRI,-7.63273,-36.4374
SÃO DOMINGOS DO MARANHÃO,-5.58095,-44.3822
SÃO DOMINGOS DO NORTE,-19.1452,-40.6281
SÃO DOMINGOS DO PRATA,-19.8678,-42.971
SÃO DOMINGOS DO SUL,-28.5312,-51.886
SÃO FELIPE,-12.8394,-39.0893
SÃO FELIPE D'OESTE,-11.9023,-61.5026
SÃO FÉLIX,-12.6104,-38.9727
SÃO FÉLIX DE BALSAS,-7.07535,-44.8092
SÃO FÉLIX DE MINAS,-18.5959,-41.4889
SÃO FÉLIX DO ARAGUAIA,-11.615,-50.6706
SÃO FÉLIX DO CORIBE,-13.4019,-44.1837
SÃO FÉLIX DO PIAUÍ,-5.93485,-42.1172
SÃO FÉLIX DO TOCANTINS,-10.1615,-46.6618
SÃO FÉLIX DO XINGU,-6.64254,-51.9904
SÃO FERNANDO,-6.37975,-37.1864
SÃO FIDÉLIS,-21.6551,-41.756
SÃO FRANCISCO,-20.3623,-50.6952
SÃO FRANCISCO,-6.60773,-38.0968
SÃO FRANCISCO,-10.3442,-36.8869
SÃO FRANCISCO,-15.9514,-44.8593
SÃO FRANCISCO DE ASSIS,-29.5547,-55.1253
SÃO FRANCISCO DE ASSIS DO PIAUÍ,-8.23599,-41.6873
SÃO FRANCISCO DE GOIÁS,-15.9256,-49.2605
SÃO FRANCISCO DE ITABAPOANA,-21.4702,-41.1091
SÃO FRANCISCO DE PAULA,-29.4404,-50.5828
SÃO FRANCISCO DE PAULA,-20.7036,-44.9838
SÃO FRANCISCO DE SALES,-19.8611,-49.7727
SÃO FRANCISCO DO BREJÃO,-5.12584,-47.389
SÃO FRANCISCO DO CONDE,-12.6183,-38.6786
SÃO FRANCISCO DO GLÓRIA,-20.7923,-42.2673
SÃO FRANCISCO DO GUAPORÉ,-12.052,-63.568
SÃO FRANCISCO DO MARANHÃO,-6.25159,-42.8668
SÃO FRANCISCO DO OESTE,-5.97472,-38.1519
SÃO FRANCISCO DO PARÁ,-1.16963,-47.7917
SÃO FRANCISCO DO PIAUÍ,-7.2463,-42.541
SÃO FRANCISCO DO SUL,-26.2579,-48.6344
SÃO GABRIEL,-30.3337,-54.3217
SÃO GABRIEL,-11.2175,-41.8843
SÃO GABRIEL DA CACHOEIRA,-0.11909,-67.084
SÃO GABRIEL DA PALHA,-19.0182,-40.5365
SÃO GABRIEL DO OESTE,-19.3889,-54.5507
SÃO GERALDO,-20.9252,-42.8364
SÃO GERALDO DA PIEDADE,-18.8411,-42.2867
SÃO GERALDO DO ARAGUAIA,-6.39471,-48.5592
SÃO GERALDO DO BAIXIO,-18.9097,-41.363
SÃO GONÇALO,-22.8268,-43.0634
SÃO GONÇALO DO ABAETÉ,-18.3315,-45.8265
SÃO GONÇALO DO AMARANTE,-5.79068,-35.3257
SÃO GONÇALO DO AMARANTE,-3.60515,-38.9726
SÃO GONÇALO DO GURGUÉIA,-10.0319,-45.3092
SÃO GONÇALO DO PARÁ,-19.9822,-44.8593
SÃO GONÇALO DO PIAUÍ,-5.99393,-42.7095
SÃO GONÇALO DO RIO ABAIXO,-19.8221,-43.366
SÃO GONÇALO DO RIO PRETO,-18.0025,-43.3854
SÃO GONÇALO DO SAPUCAÍ,-21.8932,-45.5893
SÃO GONÇALO DOS CAMPOS,-12.4331,-38.9663
SÃO GOTARDO,-19.3087,-46.0465
SÃO JERÔNIMO,-29.9716,-51.7251
SÃO JERÔNIMO DA SERRA,-23.7218,-50.7475
SÃO JOÃO,-25.8214,-52.7252
SÃO JOÃO,-8.87576,-36.3653
SÃO JOÃO BATISTA,-2.95398,-44.7953
SÃO JOÃO BATISTA,-27.2772,-48.8474
SÃO JOÃO BATISTA DO GLÓRIA,-20.635,-46.508
SÃO JOÃO D'ALIANÇA,-14.7048,-47.5228
SÃO JOÃO DA BALIZA,0.951659,-59.9133
SÃO JOÃO DA BARRA,-21.638,-41.0446
SÃO JOÃO DA BOA VISTA,-21.9707,-46.7944
SÃO JOÃO DA CANABRAVA,-6.81203,-41.3415
SÃO JOÃO DA FRONTEIRA,-3.95497,-41.2569
SÃO JOÃO DA LAGOA,-16.8455,-44.3507
SÃO JOÃO DA MATA,-21.928,-45.9297
SÃO JOÃO DA PARAÚNA,-16.8126,-50.4092
SÃO JOÃO DA PONTA,-0.857885,-47.918
SÃO JOÃO DA PONTE,-15.9271,-44.0096
SÃO JOÃO DA SERRA,-5.51081,-41.8923
SÃO JOÃO DA URTIGA,-27.8195,-51.8257
SÃO JOÃO DA VARJOTA,-6.94082,-41.8889
SÃO JOÃO DAS DUAS PONTES,-20.3879,-50.3792
SÃO JOÃO DAS MISSÕES,-14.8859,-44.0922
SÃO JOÃO DE IRACEMA,-20.5111,-50.3561
SÃO JOÃO DE MERITI,-22.8058,-43.3729
SÃO JOÃO DE PIRABAS,-0.780222,-47.181
SÃO JOÃO DEL REI,-21.1311,-44.2526
SÃO JOÃO DO ARAGUAIA,-5.36334,-48.7926
SÃO JOÃO DO ARRAIAL,-3.8186,-42.4459
SÃO JOÃO DO CAIUÁ,-22.8535,-52.3411
SÃO JOÃO DO CARIRI,-7.38168,-36.5345
SÃO JOÃO DO CARÚ,-3.5503,-46.2507
SÃO JOÃO DO ITAPERIÚ,-26.6213,-48.7683
SÃO JOÃO DO IVAÍ,-23.9833,-51.8215
SÃO JOÃO DO JAGUARIBE,-5.27516,-38.2694
SÃO JOÃO DO MANHUAÇU,-20.3933,-42.1533
SÃO JOÃO DO MANTENINHA,-18.723,-41.1628
SÃO JOÃO DO OESTE,-27.0984,-53.5977
SÃO JOÃO DO ORIENTE,-19.3384,-42.1575
SÃO JOÃO DO PACUÍ,-16.5373,-44.5134
SÃO JOÃO DO PARAÍSO,-15.3168,-42.0213
SÃO JOÃO DO PARAÍSO,-6.45634,-47.0594
SÃO JOÃO DO PAU D'ALHO,-21.2662,-51.6672
SÃO JOÃO DO PIAUÍ,-8.35466,-42.2559
SÃO JOÃO DO POLÊSINE,-29.6194,-53.4439
SÃO JOÃO DO RIO DO PEIXE,-6.72195,-38.4468
SÃO JOÃO DO SABUGI,-6.71387,-37.2027
SÃO JOÃO DO SOTER,-5.10821,-43.8163
SÃO JOÃO DO SUL,-29.2154,-49.8094
SÃO JOÃO DO TIGRE,-8.07703,-36.8547
SÃO JOÃO DO TRIUNFO,-25.683,-50.2949
SÃO JOÃO DOS PATOS,-6.4934,-43.7036
SÃO JOÃO EVANGELISTA,-18.548,-42.7655
SÃO JOÃO NEPOMUCENO,-21.5381,-43.0069
SÃO JOAQUIM,-28.2887,-49.9457
SÃO JOAQUIM DA BARRA,-20.5812,-47.8593
SÃO JOAQUIM DE BICAS,-20.048,-44.2749
SÃO JOAQUIM DO MONTE,-8.43196,-35.8035
SÃO JORGE,-28.4984,-51.7064
SÃO JORGE D'OESTE,-25.7085,-52.9204
SÃO JORGE DO IVAÍ,-23.4336,-52.2929
SÃO JORGE DO PATROCÍNIO,-23.7647,-53.8823
SÃO JOSÉ,-27.6136,-48.6366
SÃO JOSÉ DA BARRA,-20.7178,-46.313
SÃO JOSÉ DA BELA VISTA,-20.5935,-47.6424
SÃO JOSÉ DA BOA VISTA,-23.9122,-49.6577
SÃO JOSÉ DA COROA GRANDE,-8.88937,-35.1515
SÃO JOSÉ DA LAGOA TAPADA,-6.93646,-38.1622
SÃO JOSÉ DA LAJE,-9.01278,-36.0515
SÃO JOSÉ DA LAPA,-19.6971,-43.9586
SÃO JOSÉ DA SAFIRA,-18.3243,-42.1431
SÃO JOSÉ DA TAPERA,-9.55768,-37.3831
SÃO JOSÉ DA VARGINHA,-19.7006,-44.556
SÃO JOSÉ DA VITÓRIA,-15.0787,-39.3437
SÃO JOSÉ DAS MISSÕES,-27.7789,-53.1226
SÃO JOSÉ DAS PALMEIRAS,-24.8369,-54.0572
SÃO JOSÉ DE CAIANA,-7.24636,-38.2989
SÃO JOSÉ DE ESPINHARAS,-6.83974,-37.3214
SÃO JOSÉ DE MIPIBU,-6.0773,-35.2417
SÃO JOSÉ DE PIRANHAS,-7.1187,-38.502
SÃO JOSÉ DE PRINCESA,-7.73633,-38.0894
SÃO JOSÉ DE RIBAMAR,-2.54704,-44.0597
SÃO JOSÉ DE UBÁ,-21.3661,-41.9511
SÃO JOSÉ DO ALEGRE,-22.3243,-45.5258
SÃO JOSÉ DO BARREIRO,-22.6414,-44.5774
SÃO JOSÉ DO BELMONTE,-7.85723,-38.7577
SÃO JOSÉ DO BONFIM,-7.1607,-37.3036
SÃO JOSÉ DO BREJO DO CRUZ,-6.21054,-37.3601
SÃO JOSÉ DO CALÇADO,-21.0274,-41.6636
SÃO JOSÉ DO CAMPESTRE,-6.31087,-35.7067
SÃO JOSÉ DO CEDRO,-26.4561,-53.4955
SÃO JOSÉ DO CERRITO,-27.6602,-50.5733
SÃO JOSÉ DO DIVINO,-3.81411,-41.8308
SÃO JOSÉ DO DIVINO,-18.4793,-41.3907
SÃO JOSÉ DO EGITO,-7.46945,-37.274
SÃO JOSÉ DO GOIABAL,-19.9214,-42.7035
SÃO JOSÉ DO HERVAL,-29.052,-52.295
SÃO JOSÉ DO HORTÊNCIO,-29.528,-51.245
SÃO JOSÉ DO INHACORÁ,-27.7251,-54.1275
SÃO JOSÉ DO JACUÍPE,-11.4137,-39.8669
SÃO JOSÉ DO JACURI,-18.281,-42.6729
SÃO JOSÉ DO MANTIMENTO,-20.0058,-41.7486
SÃO JOSÉ DO NORTE,-32.0151,-52.0331
SÃO JOSÉ DO OURO,-27.7707,-51.5966
SÃO JOSÉ DO PEIXE,-7.48554,-42.5672
SÃO JOSÉ DO PIAUÍ,-6.87194,-41.4731
SÃO JOSÉ DO POVO,-16.4549,-54.2487
SÃO JOSÉ DO RIO CLARO,-13.4398,-56.7218
SÃO JOSÉ DO RIO PARDO,-21.5953,-46.8873
SÃO JOSÉ DO RIO PRETO,-20.8113,-49.3758
SÃO JOSÉ DO SABUGI,-6.76295,-36.7972
SÃO JOSÉ DO SERIDÓ,-6.44002,-36.8746
SÃO JOSÉ DO SUL,-29.5448,-51.4821
SÃO JOSÉ DO VALE DO RIO PRETO,-22.1525,-42.9327
SÃO JOSÉ DO XINGU,-10.7982,-52.7486
SÃO JOSÉ DOS AUSENTES,-28.7476,-50.0677
SÃO JOSÉ DOS BASÍLIOS,-5.05493,-44.5809
SÃO JOSÉ DOS CAMPOS,-23.1896,-45.8841
SÃO JOSÉ DOS CORDEIROS,-7.38775,-36.8085
SÃO JOSÉ DOS PINHAIS,-25.5313,-49.2031
SÃO JOSÉ DOS QUATRO MARCOS,-15.6276,-58.1772
SÃO JOSÉ DOS RAMOS,-7.25238,-35.3725
SÃO JULIÃO,-7.08391,-40.8246
SÃO LEOPOLDO,-29.7545,-51.1498
SÃO LOURENÇO,-22.1166,-45.0506
SÃO LOURENÇO DA MATA,-8.00684,-35.0124
SÃO LOURENÇO DA SERRA,-23.8491,-46.9432
SÃO LOURENÇO DO OESTE,-26.3557,-52.8498
SÃO LOURENÇO DO PIAUÍ,-9.16463,-42.5496
SÃO LOURENÇO DO SUL,-31.3564,-51.9715
SÃO LUDGERO,-28.3144,-49.1806
SÃO LUÍS,-2.53874,-44.2825
SÃO LUÍS DE MONTES BELOS,-16.5211,-50.3726
SÃO LUÍS DO CURU,-3.66976,-39.2391
SÃO LUIS DO PIAUÍ,-6.81936,-41.3175
SÃO LUÍS DO QUITUNDE,-9.31816,-35.5606
SÃO LUÍS GONZAGA DO MARANHÃO,-4.38541,-44.6654
SÃO LUIZ,1.01019,-60.0419
SÃO LUIZ DO NORTE,-14.8608,-49.3285
SÃO LUIZ DO PARAITINGA,-23.222,-45.3109
SÃO LUIZ GONZAGA,-28.412,-54.9559
SÃO MAMEDE,-6.92386,-37.0954
SÃO MANOEL DO PARANÁ,-23.3941,-52.6454
SÃO MANUEL,-22.7321,-48.5723
SÃO MARCOS,-28.9677,-51.0696
SÃO MARTINHO,-28.1609,-48.9867
SÃO MARTINHO,-27.7112,-53.9699
SÃO MARTINHO DA SERRA,-29.5397,-53.859
SÃO MATEUS,-18.7214,-39.8579
SÃO MATEUS DO MARANHÃO,-4.03736,-44.4707
SÃO MATEUS DO SUL,-25.8677,-50.384
SÃO MIGUEL,-6.20283,-38.4947
SÃO MIGUEL ARCANJO,-23.8782,-47.9935
SÃO MIGUEL DA BAIXA GRANDE,-5.85646,-42.1934
SÃO MIGUEL DA BOA VISTA,-26.687,-53.2511
SÃO MIGUEL DAS MATAS,-13.0434,-39.4578
SÃO MIGUEL DAS MISSÕES,-28.556,-54.5559
SÃO MIGUEL DE TAIPU,-7.24764,-35.2016
SÃO MIGUEL DO ALEIXO,-10.3847,-37.3836
SÃO MIGUEL DO ANTA,-20.7067,-42.7174
SÃO MIGUEL DO ARAGUAIA,-13.2731,-50.1634
SÃO MIGUEL DO FIDALGO,-7.59713,-42.3676
SÃO MIGUEL DO GOSTOSO,-5.12302,-35.6354
SÃO MIGUEL DO GUAMÁ,-1.61307,-47.4784
SÃO MIGUEL DO GUAPORÉ,-11.6953,-62.7192
SÃO MIGUEL DO IGUAÇU,-25.3492,-54.2405
SÃO MIGUEL DO OESTE,-26.7242,-53.5163
SÃO MIGUEL DO PASSA QUATRO,-17.0582,-48.662
SÃO MIGUEL DO TAPUIO,-5.49729,-41.3165
SÃO MIGUEL DO TOCANTINS,-5.56305,-47.5743
SÃO MIGUEL DOS CAMPOS,-9.78301,-36.0971
SÃO MIGUEL DOS MILAGRES,-9.26493,-35.3763
SÃO NICOLAU,-28.1834,-55.2654
SÃO PATRÍCIO,-15.35,-49.818
SÃO PAULO,-23.5329,-46.6395
SÃO PAULO DAS MISSÕES,-28.0195,-54.9404
SÃO PAULO DE OLIVENÇA,-3.47292,-68.9646
SÃO PAULO DO POTENGI,-5.8994,-35.7642
SÃO PEDRO,-5.90559,-35.6317
SÃO PEDRO,-22.5483,-47.9096
SÃO PEDRO DA ÁGUA BRANCA,-5.08472,-48.4291
SÃO PEDRO DA ALDEIA,-22.8429,-42.1026
SÃO PEDRO DA CIPA,-16.0109,-54.9176
SÃO PEDRO DA SERRA,-29.4193,-51.5134
SÃO PEDRO DA UNIÃO,-21.131,-46.6123
SÃO PEDRO DAS MISSÕES,-27.7706,-53.2513
SÃO PEDRO DE ALCÂNTARA,-27.5665,-48.8048
SÃO PEDRO DO BUTIÁ,-28.1243,-54.8926
SÃO PEDRO DO IGUAÇU,-24.9373,-53.8521
SÃO PEDRO DO IVAÍ,-23.8634,-51.8568
SÃO PEDRO DO PARANÁ,-22.8239,-53.2241
SÃO PEDRO DO PIAUÍ,-5.92078,-42.7192
SÃO PEDRO DO SUAÇUÍ,-18.3609,-42.5981
SÃO PEDRO DO SUL,-29.6202,-54.1855
SÃO PEDRO DO TURVO,-22.7453,-49.7428
SÃO PEDRO DOS CRENTES,-6.82389,-46.5319
SÃO PEDRO DOS FERROS,-20.1732,-42.5251
SÃO RAFAEL,-5.79791,-36.8778
SÃO RAIMUNDO DAS MANGABEIRAS,-7.02183,-45.4809
SÃO RAIMUNDO DO DOCA BEZERRA,-5.11053,-45.0696
SÃO RAIMUNDO NONATO,-9.01241,-42.6987
SÃO ROBERTO,-5.0231,-45.001
SÃO ROMÃO,-16.3641,-45.0749
SÃO ROQUE,-23.5226,-47.1357
SÃO ROQUE DE MINAS,-20.249,-46.3639
SÃO ROQUE DO CANAÃ,-19.7411,-40.6526
SÃO SALVADOR DO TOCANTINS,-12.7458,-48.2352
SÃO SEBASTIÃO,-23.7951,-45.4143
SÃO SEBASTIÃO,-9.93043,-36.559
SÃO SEBASTIÃO DA AMOREIRA,-23.4656,-50.7625
SÃO SEBASTIÃO DA BELA VISTA,-22.1583,-45.7546
SÃO SEBASTIÃO DA BOA VISTA,-1.71597,-49.5249
SÃO SEBASTIÃO DA GRAMA,-21.7041,-46.8208
SÃO SEBASTIÃO DA VARGEM ALEGRE,-19.7477,-43.3679
SÃO SEBASTIÃO DE LAGOA DE ROÇA,-7.11034,-35.8678
SÃO SEBASTIÃO DO ALTO,-21.9578,-42.1328
SÃO SEBASTIÃO DO ANTA,-19.5064,-41.985
SÃO SEBASTIÃO DO CAÍ,-29.5885,-51.3749
SÃO SEBASTIÃO DO MARANHÃO,-18.0873,-42.5659
SÃO SEBASTIÃO DO OESTE,-20.2758,-45.0063
SÃO SEBASTIÃO DO PARAÍSO,-20.9167,-46.9837
SÃO SEBASTIÃO DO PASSÉ,-12.5123,-38.4905
SÃO SEBASTIÃO DO RIO PRETO,-19.2959,-43.1757
SÃO SEBASTIÃO DO RIO VERDE,-22.2183,-44.9761
SÃO SEBASTIÃO DO TOCANTINS,-5.26131,-48.2021
SÃO SEBASTIÃO DO UATUMÃ,-2.55915,-57.8731
SÃO SEBASTIÃO DO UMBUZEIRO,-8.15289,-37.0138
SÃO SEPÉ,-30.1643,-53.5603
SÃO SIMÃO,-21.4732,-47.5518
SÃO SIMÃO,-18.996,-50.547
SÃO THOMÉ DAS LETRAS,-21.7218,-44.9849
SÃO TIAGO,-20.9075,-44.5098
SÃO TOMÁS DE AQUINO,-20.7791,-47.0962
SÃO TOMÉ,-23.5349,-52.5901
SÃO TOMÉ,-5.96404,-36.0798
SÃO VALENTIM,-27.5583,-52.5237
SÃO VALENTIM DO SUL,-29.0451,-51.7684
SÃO VALÉRIO,-11.9743,-48.2353
SÃO VALÉRIO DO SUL,-27.7906,-53.9368
SÃO VENDELINO,-29.3729,-51.3675
SÃO VICENTE,-23.9574,-46.3883
SÃO VICENTE,-6.21893,-36.6827
SÃO VICENTE DE MINAS,-21.7042,-44.4431
SÃO VICENTE DO SERIDÓ,-6.85426,-36.4122
SÃO VICENTE DO SUL,-29.6882,-54.6826
SÃO VICENTE FERRER,-7.58969,-35.4808
SÃO VICENTE FERRER,-2.89487,-44.8681
SAPÉ,-7.09359,-35.228
SAPEAÇU,-12.7208,-39.1824
SAPEZAL,-12.9892,-58.7645
SAPIRANGA,-29.6349,-51.0064
SAPOPEMA,-23.9078,-50.5801
SAPUCAÍ-MIRIM,-22.7409,-45.738
SAPUCAIA,-6.94018,-49.6834
SAPUCAIA,-21.9949,-42.9142
SAPUCAIA DO SUL,-29.8276,-51.145
SAQUAREMA,-22.9292,-42.5099
SARANDI,-23.4441,-51.876
SARANDI,-27.942,-52.9231
SARAPUÍ,-23.6397,-47.8249
SARDOÁ,-18.7828,-42.3629
SARUTAIÁ,-23.2721,-49.4763
SARZEDO,-20.0367,-44.1446
SÁTIRO DIAS,-11.5929,-38.5938
SATUBA,-9.56911,-35.8227
SATUBINHA,-4.04913,-45.2457
SAUBARA,-12.7387,-38.7625
SAUDADE DO IGUAÇU,-25.6917,-52.6184
SAUDADES,-26.9317,-53.0021
SAÚDE,-10.9428,-40.4155
SCHROEDER,-26.4116,-49.074
SEABRA,-12.4169,-41.7722
SEARA,-27.1564,-52.299
SEBASTIANÓPOLIS DO SUL,-20.6523,-49.925
SEBASTIÃO BARROS,-10.817,-44.8337
SEBASTIÃO LARANJEIRAS,-14.571,-42.9434
SEBASTIÃO LEAL,-7.56803,-44.06
SEBERI,-27.4829,-53.4026
SEDE NOVA,-27.6367,-53.9493
SEGREDO,-29.3523,-52.9767
SELBACH,-28.6294,-52.9498
SELVÍRIA,-20.3637,-51.4192
SEM-PEIXE,-20.1008,-42.8483
SENA MADUREIRA,-9.06596,-68.6571
SENADOR ALEXANDRE COSTA,-5.25096,-44.0533
SENADOR AMARAL,-22.5869,-46.1763
SENADOR CANEDO,-16.7084,-49.0914
SENADOR CORTES,-21.7986,-42.9424
SENADOR ELÓI DE SOUZA,-6.03334,-35.6978
SENADOR FIRMINO,-20.9158,-43.0904
SENADOR GEORGINO AVELINO,-6.1576,-35.1299
SENADOR GUIOMARD,-10.1497,-67.7362
SENADOR JOSÉ BENTO,-22.1633,-46.1792
SENADOR JOSÉ PORFÍRIO,-4.31242,-51.5764
SENADOR LA ROCQUE,-5.4461,-47.2959
SENADOR MODESTINO GONÇALVES,-17.9465,-43.2172
SENADOR POMPEU,-5.58244,-39.3704
SENADOR RUI PALMEIRA,-9.46986,-37.4576
SENADOR SÁ,-3.35305,-40.4662
SENADOR SALGADO FILHO,-28.025,-54.5507
SENGÉS,-24.1129,-49.4616
SENHOR DO BONFIM,-10.4594,-40.1865
SENHORA DE OLIVEIRA,-20.7972,-43.3394
SENHORA DO PORTO,-18.8909,-43.0799
SENHORA DOS REMÉDIOS,-21.0351,-43.5812
SENTINELA DO SUL,-30.6107,-51.5862
SENTO SÉ,-9.74138,-41.8786
SERAFINA CORRÊA,-28.7126,-51.9352
SERICITA,-20.4748,-42.4828
SERINGUEIRAS,-11.8055,-63.0182
SÉRIO,-29.3904,-52.2685
SERITINGA,-21.9134,-44.518
SEROPÉDICA,-22.7526,-43.7155
SERRA,-20.121,-40.3074
SERRA ALTA,-26.7229,-53.0409
SERRA AZUL,-21.3074,-47.5602
SERRA AZUL DE MINAS,-18.3602,-43.1675
SERRA BRANCA,-7.48034,-36.666
SERRA CAIADA,-6.10478,-35.7113
SERRA DA RAIZ,-6.68527,-35.4379
SERRA DA SAUDADE,-19.4447,-45.795
SERRA DE SÃO BENTO,-6.41762,-35.7033
SERRA DO MEL,-5.17725,-37.0242
SERRA DO NAVIO,0.901357,-52.0036
SERRA DO RAMALHO,-13.5659,-43.5929
SERRA DO SALITRE,-19.1083,-46.6961
SERRA DOS AIMORÉS,-17.7872,-40.2453
SERRA DOURADA,-12.759,-43.9504
SERRA GRANDE,-7.20957,-38.3647
SERRA NEGRA,-22.6139,-46.7033
SERRA NEGRA DO NORTE,-6.66031,-37.3996
SERRA NOVA DOURADA,-12.0896,-51.4025
SERRA PRETA,-12.156,-39.3305
SERRA REDONDA,-7.18622,-35.6842
SERRA TALHADA,-7.98178,-38.289
SERRANA,-21.2043,-47.5952
SERRANIA,-21.5441,-46.0417
SERRANO DO MARANHÃO,-1.85229,-45.1207
SERRANÓPOLIS,-18.3067,-51.9586
SERRANÓPOLIS DE MINAS,-15.8176,-42.8732
SERRANÓPOLIS DO IGUAÇU,-25.3799,-54.0518
SERRANOS,-21.8857,-44.5125
SERRARIA,-6.81569,-35.6282
SERRINHA,-6.28181,-35.5
SERRINHA,-11.6584,-39.01
SERRINHA DOS PINTOS,-6.11087,-37.9548
SERRITA,-7.94041,-39.2951
SERRO,-18.5991,-43.3744
SERROLÂNDIA,-11.4085,-40.2983
SERTANEJA,-23.0361,-50.8317
SERTÂNIA,-8.06847,-37.2684
SERTANÓPOLIS,-23.0571,-51.0399
SERTÃO,-27.9798,-52.2588
SERTÃO SANTANA,-30.4562,-51.6017
SERTÃOZINHO,-21.1316,-47.9875
SERTÃOZINHO,-6.75127,-35.4372
SETE BARRAS,-24.382,-47.9279
SETE DE SETEMBRO,-28.1362,-54.4637
SETE LAGOAS,-19.4569,-44.2413
SETE QUEDAS,-23.9705,-55.0398
SETUBINHA,-17.6002,-42.1587
SEVERIANO DE ALMEIDA,-27.4362,-52.1217
SEVERIANO MELO,-5.77666,-37.957
SEVERÍNIA,-20.8108,-48.8054
SIDERÓPOLIS,-28.5955,-49.4314
SIDROLÂNDIA,-20.9302,-54.9692
SIGEFREDO PACHECO,-4.91665,-41.7311
SILVA JARDIM,-22.6574,-42.3961
SILVÂNIA,-16.66,-48.6083
SILVANÓPOLIS,-11.1471,-48.1694
SILVEIRA MARTINS,-29.6467,-53.591
SILVEIRÂNIA,-21.1615,-43.2128
SILVEIRAS,-22.6638,-44.8522
SILVES,-2.81748,-58.248
SILVIANÓPOLIS,-22.0274,-45.8385
SIMÃO DIAS,-10.7387,-37.8097
SIMÃO PEREIRA,-21.964,-43.3088
SIMÕES,-7.59109,-40.8137
SIMÕES FILHO,-12.7866,-38.4029
SIMOLÂNDIA,-14.4644,-46.4847
SIMONÉSIA,-20.1341,-42.0091
SIMPLÍCIO MENDES,-7.85294,-41.9075
SINIMBU,-29.5357,-52.5304
SINOP,-11.8604,-55.5091
SIQUEIRA CAMPOS,-23.6875,-49.8304
SIRINHAÉM,-8.58778,-35.1126
SIRIRI,-10.5965,-37.1131
SÍTIO D'ABADIA,-14.7992,-46.2506
SÍTIO DO MATO,-13.0801,-43.4689
SÍTIO DO QUINTO,-10.3545,-38.2213
SÍTIO NOVO,-5.87601,-46.7033
SÍTIO NOVO,-6.11132,-35.909
SÍTIO NOVO DO TOCANTINS,-5.6012,-47.6381
SOBRADINHO,-9.45024,-40.8145
SOBRADINHO,-29.4194,-53.0326
SOBRADO,-7.14429,-35.2357
SOBRAL,-3.68913,-40.3482
SOBRÁLIA,-19.2345,-42.0998
SOCORRO,-22.5903,-46.5251
SOCORRO DO PIAUÍ,-7.86773,-42.4922
SOLÂNEA,-6.75161,-35.6636
SOLEDADE,-7.05829,-36.3668
SOLEDADE,-28.8306,-52.5131
SOLEDADE DE MINAS,-22.0554,-45.0464
SOLIDÃO,-7.59472,-37.6445
SOLONÓPOLE,-5.71894,-39.0107
SOMBRIO,-29.108,-49.6328
SONORA,-17.5698,-54.7551
SOORETAMA,-19.1897,-40.0974
SOROCABA,-23.4969,-47.4451
SORRISO,-12.5425,-55.7211
SOSSÊGO,-6.77067,-36.2538
SOURE,-0.73032,-48.5015
SOUSA,-6.75148,-38.2311
SOUTO SOARES,-12.088,-41.6427
SUCUPIRA,-11.993,-48.9685
SUCUPIRA DO NORTE,-6.47839,-44.1919
SUCUPIRA DO RIACHÃO,-6.40858,-43.5455
SUD MENNUCCI,-20.6872,-50.9238
SUL BRASIL,-26.7351,-52.964
SULINA,-25.7066,-52.7299
SUMARÉ,-22.8204,-47.2728
SUMÉ,-7.66206,-36.884
SUMIDOURO,-22.0485,-42.6761
SURUBIM,-7.84746,-35.7481
SUSSUAPARA,-7.03687,-41.3767
SUZANÁPOLIS,-20.4981,-51.0268
SUZANO,-23.5448,-46.3112
TABAÍ,-29.643,-51.6823
TABAPORÃ,-11.3007,-56.8312
TABAPUÃ,-20.9602,-49.0307
TABATINGA,-21.7239,-48.6896
TABATINGA,-4.2416,-69.9383
TABIRA,-7.58366,-37.5377
TABOÃO DA SERRA,-23.6019,-46.7526
TABOCAS DO BREJO VELHO,-12.7026,-44.0075
TABOLEIRO GRANDE,-5.91948,-38.0367
TABULEIRO,-21.3632,-43.2381
TABULEIRO DO NORTE,-5.24353,-38.1282
TACAIMBÓ,-8.30867,-36.3
TACARATU,-9.09798,-38.1504
TACIBA,-22.3866,-51.2882
TACIMA,-6.48759,-35.6367
TACURU,-23.636,-55.0141
TAGUAÍ,-23.4452,-49.4024
TAGUATINGA,-12.4026,-46.437
TAIAÇU,-21.1431,-48.5112
TAILÂNDIA,-2.94584,-48.9489
TAIÓ,-27.121,-49.9942
TAIOBEIRAS,-15.8106,-42.2259
TAIPAS DO TOCANTINS,-12.1873,-46.9797
TAIPU,-5.63058,-35.5918
TAIÚVA,-21.1223,-48.4528
TALISMÃ,-12.7949,-49.0896
TAMANDARÉ,-8.75665,-35.1033
TAMARANA,-23.7204,-51.0991
TAMBAÚ,-21.7029,-47.2703
TAMBOARA,-23.2036,-52.4743
TAMBORIL,-4.83136,-40.3196
TAMBORIL DO PIAUÍ,-8.40937,-42.9211
TANABI,-20.6228,-49.6563
TANGARÁ,-6.19649,-35.7989
TANGARÁ,-27.0996,-51.2473
TANGARÁ DA SERRA,-14.6229,-57.4933
TANGUÁ,-22.7423,-42.7202
TANHAÇU,-14.0197,-41.2473
TANQUE D'ARCA,-9.53379,-36.4366
TANQUE DO PIAUÍ,-6.59787,-42.2795
TANQUE NOVO,-13.5485,-42.4934
TANQUINHO,-11.968,-39.1033
TAPARUBA,-19.7621,-41.608
TAPAUÁ,-5.62085,-63.1808
TAPEJARA,-23.7315,-52.8735
TAPEJARA,-28.0652,-52.0097
TAPERA,-28.6277,-52.8613
TAPEROÁ,-13.5321,-39.1009
TAPEROÁ,-7.20629,-36.8245
TAPES,-30.6683,-51.3991
TAPIRA,-23.3193,-53.0684
TAPIRA,-19.9166,-46.8264
TAPIRAÍ,-19.8936,-46.0221
TAPIRAÍ,-23.9612,-47.5062
TAPIRAMUTÁ,-11.8475,-40.7927
TAPIRATIBA,-21.4713,-46.7448
TAPURAH,-12.695,-56.5178
TAQUARA,-29.6505,-50.7753
TAQUARAÇU DE MINAS,-19.6652,-43.6922
TAQUARAL,-21.0737,-48.4126
TAQUARAL DE GOIÁS,-16.0521,-49.6039
TAQUARANA,-9.64529,-36.4928
TAQUARI,-29.7943,-51.8653
TAQUARITINGA,-21.4049,-48.5103
TAQUARITINGA DO NORTE,-7.89446,-36.0423
TAQUARITUBA,-23.5307,-49.241
TAQUARIVAÍ,-23.9211,-48.6948
TAQUARUÇU DO SUL,-27.4005,-53.4702
TAQUARUSSU,-22.4898,-53.3519
TARABAI,-22.3016,-51.5621
TARAUACÁ,-8.15697,-70.7722
TARRAFAS,-6.67838,-39.753
TARTARUGALZINHO,1.50652,-50.9087
TARUMÃ,-22.7429,-50.5786
TARUMIRIM,-19.2835,-42.0097
TASSO FRAGOSO,-8.4662,-45.7536
TATUÍ,-23.3487,-47.8461
TAUÁ,-5.98585,-40.2968
TAUBATÉ,-23.0104,-45.5593
TAVARES,-31.2843,-51.088
TAVARES,-7.62697,-37.8712
TEFÉ,-3.36822,-64.7193
TEIXEIRA,-7.22104,-37.2525
TEIXEIRA DE FREITAS,-17.5399,-39.74
TEIXEIRA SOARES,-25.3701,-50.4571
TEIXEIRAS,-20.6561,-42.8564
TEIXEIRÓPOLIS,-10.9056,-62.242
TEJUÇUOCA,-3.98831,-39.5799
TEJUPÁ,-23.3425,-49.3722
TELÊMACO BORBA,-24.3245,-50.6176
TELHA,-10.2064,-36.8818
TENENTE ANANIAS,-6.45823,-38.182
TENENTE LAURENTINO CRUZ,-6.1378,-36.7135
TENENTE PORTELA,-27.3711,-53.7585
TENÓRIO,-6.93855,-36.6273
TEODORO SAMPAIO,-12.295,-38.6347
TEODORO SAMPAIO,-22.5299,-52.1682
TEOFILÂNDIA,-11.4827,-38.9913
TEÓFILO OTONI,-17.8595,-41.5087
TEOLÂNDIA,-13.5896,-39.484
TEOTÔNIO VILELA,-9.91656,-36.3492
TERENOS,-20.4378,-54.8647
TERESINA,-5.09194,-42.8034
TERESINA DE GOIÁS,-13.7801,-47.2659
TERESÓPOLIS,-22.4165,-42.9752
TEREZINHA,-9.05621,-36.6272
TEREZÓPOLIS DE GOIÁS,-16.3945,-49.0797
TERRA ALTA,-1.02963,-47.9004
TERRA BOA,-23.7683,-52.447
TERRA DE AREIA,-29.5782,-50.0644
TERRA NOVA,-12.3888,-38.6238
TERRA NOVA,-8.22244,-39.3825
TERRA NOVA DO NORTE,-10.517,-55.231
TERRA RICA,-22.7111,-52.6188
TERRA ROXA,-24.1575,-54.0988
TERRA ROXA,-20.787,-48.3314
TERRA SANTA,-2.10443,-56.4877
TESOURO,-16.0809,-53.559
TEUTÔNIA,-29.4482,-51.8044
THEOBROMA,-10.2483,-62.3538
TIANGUÁ,-3.72965,-40.9923
TIBAGI,-24.5153,-50.4176
TIBAU,-4.83729,-37.2554
TIBAU DO SUL,-6.19176,-35.0866
TIETÊ,-23.1101,-47.7164
TIGRINHOS,-26.6876,-53.1545
TIJUCAS,-27.2354,-48.6322
TIJUCAS DO SUL,-25.9311,-49.195
TIMBAÚBA,-7.50484,-35.3119
TIMBAÚBA DOS BATISTAS,-6.45768,-37.2745
TIMBÉ DO SUL,-28.8287,-49.842
TIMBIRAS,-4.25597,-43.932
TIMBÓ,-26.8246,-49.269
TIMBÓ GRANDE,-26.6127,-50.6607
TIMBURI,-23.2057,-49.6096
TIMON,-5.09769,-42.8329
TIMÓTEO,-19.5811,-42.6471
TIO HUGO,-28.5712,-52.5955
TIRADENTES,-21.1102,-44.1744
TIRADENTES DO SUL,-27.4022,-54.0814
TIROS,-19.0037,-45.9626
TOBIAS BARRETO,-11.1798,-37.9995
TOCANTÍNIA,-9.5632,-48.3741
TOCANTINÓPOLIS,-6.32447,-47.4224
TOCANTINS,-21.1774,-43.0127
TOCOS DO MOJI,-22.3698,-46.0971
TOLEDO,-22.7421,-46.3728
TOLEDO,-24.7246,-53.7412
TOMAR DO GERU,-11.3694,-37.8433
TOMAZINA,-23.7796,-49.9499
TOMBOS,-20.9086,-42.0228
TOMÉ-AÇU,-2.41302,-48.1415
TONANTINS,-2.86582,-67.7919
TORITAMA,-8.00955,-36.0637
TORIXORÉU,-16.2006,-52.5571
TOROPI,-29.4782,-54.2244
TORRE DE PEDRA,-23.2462,-48.1955
TORRES,-29.3334,-49.7333
TORRINHA,-22.4237,-48.1731
TOUROS,-5.20182,-35.4621
TRABIJU,-22.0388,-48.3342
TRACUATEUA,-1.07653,-46.9031
TRACUNHAÉM,-7.80228,-35.2314
TRAIPU,-9.96262,-37.0071
TRAIRÃO,-4.57347,-55.9429
TRAIRI,-3.26932,-39.2681
TRAJANO DE MORAES,-22.0638,-42.0643
TRAMANDAÍ,-29.9841,-50.1322
TRAVESSEIRO,-29.2977,-52.0532
TREMEDAL,-14.9736,-41.4142
TREMEMBÉ,-22.9571,-45.5475
TRÊS ARROIOS,-27.5003,-52.1448
TRÊS BARRAS,-26.1056,-50.3197
TRÊS BARRAS DO PARANÁ,-25.4185,-53.1833
TRÊS CACHOEIRAS,-29.4487,-49.9275
TRÊS CORAÇÕES,-21.6921,-45.2511
TRÊS COROAS,-29.5137,-50.7739
TRÊS DE MAIO,-27.78,-54.2357
TRÊS FORQUILHAS,-29.5384,-50.0708
TRÊS FRONTEIRAS,-20.2344,-50.8905
TRÊS LAGOAS,-20.7849,-51.7007
TRÊS MARIAS,-18.2048,-45.2473
TRÊS PALMEIRAS,-27.6139,-52.8437
TRÊS PASSOS,-27.4555,-53.9296
TRÊS PONTAS,-21.3694,-45.5109
TRÊS RANCHOS,-18.3539,-47.776
TRÊS RIOS,-22.1165,-43.2185
TREVISO,-28.5097,-49.4634
TREZE DE MAIO,-28.5537,-49.1565
TREZE TÍLIAS,-27.0026,-51.4084
TRINDADE,-16.6517,-49.4927
TRINDADE,-7.759,-40.2647
TRINDADE DO SUL,-27.5239,-52.8956
TRIUNFO,-29.9291,-51.7075
TRIUNFO,-6.5713,-38.5986
TRIUNFO,-7.83272,-38.0978
TRIUNFO POTIGUAR,-5.85408,-37.1786
TRIZIDELA DO VALE,-4.538,-44.628
TROMBAS,-13.5079,-48.7417
TROMBUDO CENTRAL,-27.3033,-49.793
TUBARÃO,-28.4713,-49.0144
TUCANO,-10.9584,-38.7894
TUCUMÃ,-6.74687,-51.1626
TUCUNDUVA,-27.6573,-54.4439
TUCURUÍ,-3.7657,-49.6773
TUFILÂNDIA,-3.67355,-45.6238
TUIUTI,-22.8193,-46.6937
TUMIRITINGA,-18.9844,-41.6527
TUNÁPOLIS,-26.9681,-53.6417
TUNAS,-29.1039,-52.9538
TUNAS DO PARANÁ,-24.9731,-49.0879
TUNEIRAS DO OESTE,-23.8648,-52.8769
TUNTUM,-5.25476,-44.6444
TUPÃ,-21.9335,-50.5191
TUPACIGUARA,-18.5866,-48.6985
TUPANATINGA,-8.74798,-37.3445
TUPANCI DO SUL,-27.9241,-51.5383
TUPANCIRETÃ,-29.0858,-53.8445
TUPANDI,-29.4772,-51.4174
TUPARENDI,-27.7598,-54.4814
TUPARETAMA,-7.6003,-37.3165
TUPÃSSI,-24.5879,-53.5105
TUPI PAULISTA,-21.3825,-51.575
TUPIRAMA,-8.97168,-48.1883
TUPIRATINS,-8.39388,-48.1277
TURIAÇU,-1.65893,-45.3798
TURILÂNDIA,-2.21638,-45.3044
TURIÚBA,-20.9428,-50.1135
TURMALINA,-20.0486,-50.4792
TURMALINA,-17.2828,-42.7285
TURUÇU,-31.4173,-52.1706
TURURU,-3.58413,-39.4297
TURVÂNIA,-16.6125,-50.1369
TURVELÂNDIA,-17.8502,-50.3024
TURVO,-25.0437,-51.5282
TURVO,-28.9272,-49.6831
TURVOLÂNDIA,-21.8733,-45.7859
TUTÓIA,-2.76141,-42.2755
UARINI,-2.99609,-65.1133
UAUÁ,-9.83325,-39.4794
UBÁ,-21.1204,-42.9359
UBAÍ,-16.2885,-44.7783
UBAÍRA,-13.2714,-39.666
UBAITABA,-14.303,-39.3222
UBAJARA,-3.85448,-40.9204
UBAPORANGA,-19.6351,-42.1059
UBARANA,-21.165,-49.7198
UBATÃ,-14.2063,-39.5207
UBATUBA,-23.4332,-45.0834
UBERABA,-19.7472,-47.9381
UBERLÂNDIA,-18.9141,-48.2749
UBIRAJARA,-22.5272,-49.6613
UBIRATÃ,-24.5393,-52.9865
UBIRETAMA,-28.0404,-54.686
UCHOA,-20.9511,-49.1713
UIBAÍ,-11.3394,-42.1354
UIRAMUTÃ,4.60314,-60.1815
UIRAPURU,-14.2835,-49.9201
UIRAÚNA,-6.51504,-38.4128
ULIANÓPOLIS,-3.75007,-47.4892
UMARI,-6.63893,-38.7008
UMARIZAL,-5.98238,-37.818
UMBAÚBA,-11.3809,-37.6623
UMBURANAS,-10.7339,-41.3234
UMBURATIBA,-17.2548,-40.5779
UMBUZEIRO,-7.69199,-35.6582
UMIRIM,-3.67654,-39.3465
UMUARAMA,-23.7656,-53.3201
UNA,-15.2791,-39.0765
UNAÍ,-16.3592,-46.9022
UNIÃO,-4.58571,-42.8583
UNIÃO DA SERRA,-28.7833,-52.0238
UNIÃO DA VITÓRIA,-26.2273,-51.0873
UNIÃO DE MINAS,-19.5299,-50.338
UNIÃO DO OESTE,-26.762,-52.8541
UNIÃO DO SUL,-11.5308,-54.3616
UNIÃO DOS PALMARES,-9.15921,-36.0223
UNIÃO PAULISTA,-20.8862,-49.9025
UNIFLOR,-23.0868,-52.1573
UNISTALDA,-29.04,-55.1517
UPANEMA,-5.63761,-37.2635
URAÍ,-23.2,-50.7939
URANDI,-14.7678,-42.6498
URÂNIA,-20.2455,-50.6455
URBANO SANTOS,-3.20642,-43.3878
URU,-21.7866,-49.2848
URUAÇU,-14.5238,-49.1396
URUANA,-15.4993,-49.6861
URUANA DE MINAS,-16.0634,-46.2443
URUARÁ,-3.71519,-53.7396
URUBICI,-28.0157,-49.5925
URUBURETAMA,-3.62316,-39.5107
URUCÂNIA,-20.3521,-42.737
URUCARÁ,-2.52936,-57.7538
URUÇUCA,-14.5963,-39.2851
URUÇUÍ,-7.23944,-44.5577
URUCUIA,-16.1244,-45.7352
URUCURITUBA,-3.12841,-58.1496
URUGUAIANA,-29.7614,-57.0853
URUOCA,-3.30819,-40.5628
URUPÁ,-11.1261,-62.3639
URUPEMA,-27.9557,-49.8729
URUPÊS,-21.2032,-49.2931
URUSSANGA,-28.518,-49.3238
URUTAÍ,-17.4651,-48.2015
UTINGA,-12.0783,-41.0954
VACARIA,-28.5079,-50.9418
VALE DE SÃO DOMINGOS,-15.286,-59.0683
VALE DO ANARI,-9.86215,-62.1876
VALE DO PARAÍSO,-10.4465,-62.1352
VALE DO SOL,-29.5967,-52.6839
VALE REAL,-29.3919,-51.2559
VALE VERDE,-29.7864,-52.1857
VALENÇA,-13.3669,-39.073
VALENÇA,-22.2445,-43.7129
VALENÇA DO PIAUÍ,-6.40301,-41.7375
VALENTE,-11.4062,-39.457
VALENTIM GENTIL,-20.4217,-50.0889
VALINHOS,-22.9698,-46.9974
VALPARAÍSO,-21.2229,-50.8699
VALPARAÍSO DE GOIÁS,-16.0651,-47.9757
VANINI,-28.4758,-51.8447
VARGEÃO,-26.8621,-52.1549
VARGEM,-27.4867,-50.9724
VARGEM,-22.887,-46.4124
VARGEM ALEGRE,-19.5988,-42.2949
VARGEM ALTA,-20.669,-41.0179
VARGEM BONITA,-20.3333,-46.3688
VARGEM BONITA,-27.0055,-51.7402
VARGEM GRANDE,-3.53639,-43.917
VARGEM GRANDE DO RIO PARDO,-15.3987,-42.3085
VARGEM GRANDE DO SUL,-21.8322,-46.8913
VARGEM GRANDE PAULISTA,-23.5993,-47.022
VARGINHA,-21.5556,-45.4364
VARJÃO,-17.0471,-49.6312
VARJÃO DE MINAS,-18.3741,-46.0313
VARJOTA,-4.19387,-40.4741
VARRE-SAI,-20.9276,-41.8701
VÁRZEA,-6.34641,-35.3732
VÁRZEA,-6.76189,-36.9913
VÁRZEA ALEGRE,-6.78264,-39.2942
VÁRZEA BRANCA,-9.238,-42.9692
VÁRZEA DA PALMA,-17.5944,-44.7226
VÁRZEA DA ROÇA,-11.6005,-40.1328
VÁRZEA DO POÇO,-11.5273,-40.3149
VÁRZEA GRANDE,-6.54899,-42.248
VÁRZEA GRANDE,-15.6458,-56.1322
VÁRZEA NOVA,-11.2557,-40.9432
VÁRZEA PAULISTA,-23.2136,-46.8234
VARZEDO,-12.9672,-39.3919
VARZELÂNDIA,-15.6992,-44.0278
VASSOURAS,-22.4059,-43.6686
VAZANTE,-17.9827,-46.9088
VENÂNCIO AIRES,-29.6143,-52.1932
VENDA NOVA DO IMIGRANTE,-20.327,-41.1355
VENHA-VER,-6.32016,-38.4896
VENTANIA,-24.2458,-50.2376
VENTUROSA,-8.57885,-36.8742
VERA,-12.3017,-55.3045
VERA CRUZ,-6.04399,-35.428
VERA CRUZ,-12.9568,-38.6153
VERA CRUZ,-29.7184,-52.5152
VERA CRUZ,-22.2183,-49.8207
VERA CRUZ DO OESTE,-25.0577,-53.8771
VERA MENDES,-7.59748,-41.4673
VERANÓPOLIS,-28.9312,-51.5516
VERDEJANTE,-7.92235,-38.9701
VERDELÂNDIA,-15.5845,-43.6121
VERÊ,-25.8772,-52.9051
VEREDA,-17.2183,-40.0974
VEREDINHA,-17.3974,-42.7307
VERÍSSIMO,-19.6657,-48.3118
VERMELHO NOVO,-20.0406,-42.2688
VERTENTE DO LÉRIO,-7.77084,-35.8491
VERTENTES,-7.90158,-35.9681
VESPASIANO,-19.6883,-43.9239
VESPASIANO CORRÊA,-29.0655,-51.8625
VIADUTOS,-27.5716,-52.0211
VIAMÃO,-30.0819,-51.0194
VIANA,-20.3825,-40.4933
VIANA,-3.20451,-44.9912
VIANÓPOLIS,-16.7405,-48.5159
VICÊNCIA,-7.65655,-35.3139
VICENTE DUTRA,-27.1607,-53.4022
VICENTINA,-22.4098,-54.4415
VICENTINÓPOLIS,-17.7322,-49.8047
VIÇOSA,-5.98253,-37.9462
VIÇOSA,-9.36763,-36.2431
VIÇOSA,-20.7559,-42.8742
VIÇOSA DO CEARÁ,-3.5667,-41.0916
VICTOR GRAEFF,-28.5632,-52.7495
VIDAL RAMOS,-27.3886,-49.3593
VIDEIRA,-27.0086,-51.1543
VIEIRAS,-20.867,-42.2401
VIEIRÓPOLIS,-6.50684,-38.2567
VIGIA,-0.861194,-48.1386
VILA BELA DA SANTÍSSIMA TRINDADE,-15.0068,-59.9504
VILA BOA,-15.0387,-47.052
VILA FLOR,-6.31287,-35.067
VILA FLORES,-28.8598,-51.5504
VILA LÂNGARO,-28.1062,-52.1438
VILA MARIA,-28.5359,-52.1486
VILA NOVA DO PIAUÍ,-7.13272,-40.9345
VILA NOVA DO SUL,-30.3461,-53.876
VILA NOVA DOS MARTÍRIOS,-5.18889,-48.1336
VILA PAVÃO,-18.6091,-40.609
VILA PROPÍCIO,-15.4542,-48.8819
VILA RICA,-10.0137,-51.1186
VILA VALÉRIO,-18.9958,-40.3849
VILA VELHA,-20.3417,-40.2875
VILHENA,-12.7502,-60.1488
VINHEDO,-23.0302,-46.9833
VIRADOURO,-20.8734,-48.293
VIRGEM DA LAPA,-16.807,-42.3431
VIRGÍNIA,-22.3264,-45.0965
VIRGINÓPOLIS,-18.8154,-42.7015
VIRGOLÂNDIA,-18.4738,-42.3067
VIRMOND,-25.3829,-52.1987
VISCONDE DO RIO BRANCO,-21.0127,-42.8361
VISEU,-1.19124,-46.1399
VISTA ALEGRE,-27.3686,-53.4919
VISTA ALEGRE DO ALTO,-21.1692,-48.6284
VISTA ALEGRE DO PRATA,-28.8052,-51.7947
VISTA GAÚCHA,-27.2902,-53.6974
VISTA SERRANA,-6.7303,-37.5704
VITOR MEIRELES,-26.8782,-49.8328
VITÓRIA,-20.3155,-40.3128
VITÓRIA BRASIL,-20.1956,-50.4875
VITÓRIA DA CONQUISTA,-14.8615,-40.8442
VITÓRIA DAS MISSÕES,-28.3516,-54.504
VITÓRIA DE SANTO ANTÃO,-8.12819,-35.2976
VITÓRIA DO JARI,-0.938,-52.424
VITÓRIA DO MEARIM,-3.45125,-44.8643
VITÓRIA DO XINGU,-2.87922,-52.0088
VITORINO,-26.2683,-52.7843
VITORINO FREIRE,-4.28184,-45.2505
VOLTA GRANDE,-21.7671,-42.5375
VOLTA REDONDA,-22.5202,-44.0996
VOTORANTIM,-23.5446,-47.4388
VOTUPORANGA,-20.4237,-49.9781
WAGNER,-12.2819,-41.1715
WALL FERRAZ,-7.23151,-41.905
WANDERLÂNDIA,-6.85274,-47.9601
WANDERLEY,-12.1144,-43.8958
WENCESLAU BRAZ,-22.5368,-45.3626
WENCESLAU BRAZ,-23.8742,-49.8032
WENCESLAU GUIMARÃES,-13.6908,-39.4762
WESTFÁLIA,-29.4263,-51.7645
WITMARSUM,-26.9275,-49.7947
XAMBIOÁ,-6.4141,-48.532
XAMBRÊ,-23.7364,-53.4884
XANGRI-LÁ,-29.8065,-50.0519
XANXERÊ,-26.8747,-52.4036
XAPURI,-10.6516,-68.4969
XAVANTINA,-27.0667,-52.343
XAXIM,-26.9596,-52.5374
XEXÉU,-8.8046,-35.6212
XINGUARA,-7.0983,-49.9437
XIQUE-XIQUE,-10.823,-42.7245
ZABELÊ,-8.07901,-37.1057
ZACARIAS,-21.0506,-50.0552
ZÉ DOCA,-3.27014,-45.6553
ZORTÉA,-27.4521,-51.552
BOA ESPERANÇA DO NORTE,-13.5067,-55.1486
